merchant_raw,description_raw,amount,direction,gold_leaf
S Hussain Barry,S  Hussain        Barry             VIA MOBILE - PYMT FP 08/09/25 10    26172239350667000N,50.0,debit,transfer_p2p
M Rafferty Amy,M rafferty        Amy,80.0,debit,transfer_p2p
Goodramgateltd,MS* GOODRAMGATELTD,316.8,debit,unclassified_other
Cd Mr,3859 09AUG25 CD   MR MULLIGANS      NORWICH           NORWICH GB,4.0,debit,days_out
Trainline,8499 02OCT25  D   TRAINLINE         WWW.THETRAINL GB,3.4,debit,public_transport_rail_coach
Priyo Bazaar Cd,PRIYO BAZAAR CD 2217,24.98,debit,groceries_specialist
Morr Paignton,MORR PAIGNTON Morr Paignton,25.0,debit,groceries
Prime Video Add-on,Prime Video*H73XV8  ON 31 OCT BCC PRIME  VIDEO ADD-ON,7.99,debit,streaming
Chaotic,1326 10AUG25  D   CHAOTIC           REDHILL GB,5.25,debit,prize_competitions
St George's School Sho,"ST GEORGE'S SCHOOL SHO (VIA APPLE PAY), ON 10-10-2025",1.5,debit,school_fees
Sony Playstation,PlayStation Networ  ON 30 JUL BCC PLAYSTATION NETWORK,6.99,debit,gaming_console_pc
Jackpotz Competitions,Jackpotz Competitions,2.97,debit,prize_competitions
Arnold Varga Pi,ARNOLD VARGA PI9714840265427745,100.0,debit,transfer_p2p
Bettavendltd,NYX*BettaVendLtd,1.0,debit,confectionary
T S Clements Gaa,T S CLEMENTS  GAA FT,50.0,debit,sports_participation
Natalia Rola Pi,NATALIA ROLA PI5599466051797963,10.0,debit,transfer_p2p
United Kingdom,United Kingdom Account - From S Moran Rebecca Jepson - SortCodeAccountNumber: 11006212256069,20.0,debit,transfer_p2p
Exchanged To Eth,Exchanged to ETH,1.0,debit,crypto
Apple,2685 15AUG25      APPLE.COM/BILL    08001076285 IE,0.99,debit,software
Transport for London,TFL TRAVEL CH TfL,8.9,debit,public_transport_rail_coach
Pxtb,PXTB,17.3,debit,unclassified_other
Www.getbits.app,www.getbits.app,49.06,debit,financial_services_other
White Lion Cd,White Lion CD 2413,5.1,debit,pub_bar
Moneyboat.co.uk,Visa purchase MONEYBOAT.CO.UK-1106147,255.21,debit,payday_loan
SkyBet,Visa purchase SKY BET 4782,5.0,debit,gambling_betting
Colwyn Bay Cricket,COLWYN BAY CRICKET  ON 08 SEP CPM,9.9,debit,restaurant_cafe
Apple,Visa purchase APPLE.COM/BILL,2.99,debit,software
Five Bridges,FIVE BRIDGES,43.42,debit,pub_bar
James Brain Garden Ft,JAMES BRAIN  GARDEN FT,25.0,debit,tradesmen
Aulds Piazza Shopping Cen,AULDS PIAZZA SHOPP,3.09,debit,restaurant_cafe
Cd Pfc,7978 25JUN25 CD   PFC               LONDON GB,5.5,debit,takeaway
T Allen,T ALLEN 777118 36648660,2.0,debit,transfer_p2p
Pepes Luton,Pepes Luton  ON 27 SEP CPM PEPES LUTON,5.99,debit,takeaway
Douglas Kell,DOUGLAS KELL 100000001592508112,10.0,debit,transfer_p2p
Smoke And Vape,Contactless Payment SMOKE AND VAPE 2.0 APPLEPAY 8991,2.89,debit,vaping
N Poole,N POOLE 110123 11623969,5.0,debit,transfer_p2p
Aecc Su Bar,Aecc Su Bar,1.25,debit,pub_bar
Apple,Apple,0.99,debit,software
Euan Hadley Food,EUAN HADLEY       FOOD              VIA MOBILE - LVP  FP 11/08/25 10    22065133172857000N,7.0,debit,transfer_p2p
Apple,9074 12SEP25      APPLE.COM/BILL    08001076285 IE,12.99,debit,software
Douglas Kell,DOUGLAS KELL 200000001619989543,25.0,debit,transfer_p2p
RingGo,RINGGO PARKING,4.3,debit,car_parking
Voi,Voi UK,1.6,debit,bicycle
Icelandair,ICELAND Iceland,1.15,debit,groceries
G Gibson,G GIBSON 110394 18716669,4.99,debit,transfer_p2p
Taptap Send,TapTap Send,1.0,debit,transfer_international
G Crossan,G CROSSAN,10.0,debit,transfer_p2p
Acorn Insurance,ACORN INSURANCE AN 01HVNPC0470665,169.44,debit,insurance_motor
SkyBet,Sky Bet,6.63,debit,gambling_betting
Savers Health And Beauty,Savers Health and Beauty,2.67,debit,health_beauty_general
Domino's,Domino’s,105.29,debit,takeaway
Boston Grill,Boston Grill,55.98,debit,restaurant_cafe
Morr Brampton Barnsley,MORR BRAMPTON     BARNSLEY,20.0,debit,groceries
Sainsbury's Petrol Station,SAINSBURYS PETROL  ON 02 JUL CPM Sainsbury's - Fuel,2.0,debit,fuel
Transport for London,TFL TRAVEL CH  ON 12 OCT CPM TFL TRAVEL CHARGE,1.75,debit,public_transport_rail_coach
Dvla-w,REVERSAL OF 18-09 DVLA-W359MCL      FIRST PAYMENT,31.5,credit,returned_payment
Jack Fishpool,United Kingdom Account - From T.s. Plaste Jack Fishpool - SortCodeAccountNumber: 30944388751068,350.0,debit,transfer_p2p
Brent Parking,8321 07SEP25      BRENT PARKING     WWW.BRENT.GOV GB,0.4,debit,car_parking
Current,204660 03377172  OPTIONAL FT Barclays current account,50.0,debit,transfer_own_account
Joshuas,"JOSHUAS CONVENIENCE ST (VIA APPLE PAY), ON 19-07-2025",4.5,debit,convenience_store
Prize Paradise,Prize Paradise,6.37,debit,prize_competitions
Amazon,AMZNMktplace*R74W9,13.59,debit,marketplace_amazon
Google One,GOOGLE *Google One,1.59,debit,web_services
Bobbing Corner Service,BOBBING CORNER SER  ON 06 AUG CPM BOBBING CORNER SERVICE,10.26,debit,fuel
Kj Barbers Sho,Kj Barbers Sho,15.0,debit,beauty_treatment
Saikou Jaiteh,SAIKOU JAITEH 200000001616910241,15.0,debit,transfer_p2p
A C,To A/C 55793436   KAUR A            Via Mobile Xfer,171.0,debit,transfer_p2p
Blaenymaes Stores,PPOINT_*BLAENYMAES,4.4,debit,convenience_store
Kiley,KILEY SILLETT     ELEC              VIA MOBILE - PYMT,20.0,debit,transfer_p2p
Mcpherson Jw,To A/C 54813557   MCPHERSON JW      Via Mobile Xfer,0.72,debit,transfer_p2p
E.ON UK,9504 25AUG25      E.ON NEXT         COVENTRY GB,5.0,debit,energy
Spar Market Strand,SPAR MARKET STRAND,10.99,debit,groceries
Frasers Group,FRASERS GROUP FINASN5636            TPP TRUELAYER LIMIFP 25/07/25 10    55151329922498000N,10.0,debit,retail_finance_repayment
Apple,Visa purchase APPLE.COM/BILL APPLEPAY 9787,3.99,debit,software
Mr S,MR S NASSEUR  NACER FT,9.0,debit,transfer_p2p
Home Retail Group,HOME RETAIL GROUP,88.84,debit,catalogue_retail
Darren Dolan,DARREN DOLAN 300000001615372531,23.0,debit,transfer_p2p
Craft Bakery,"SQ *CRAFT BAKERY - NOR (VIA GOOGLE PAY), ON 25-08-2025",1.7,debit,restaurant_cafe
Nettleship Ag,To A/C 47457198   NETTLESHIP AG     Via Mobile Xfer,48.78,debit,transfer_p2p
McDonald's,Contactless Payment MCDONALDS 496 APPLEPAY 8991,22.16,debit,takeaway
North Wilts Model Engi,North Wilts Model Engi,6.0,debit,days_out
Amazon,3551 30JUN25      AMAZON* WR0BV4OA5 LONDON GB,8.99,debit,marketplace_amazon
James Anderson Butcher,James Anderson Butcher,1.46,debit,groceries_specialist
Beagle St,Direct debit BEAGLE ST 600001 49126342,10.36,debit,insurance_life
Danielle Gallacher,DANIELLE GALLACHER,15.0,debit,transfer_p2p
HM Revenue and Customs,Hmrc Child Benefit Child Benefit,104.2,credit,benefits_state
Newboro Ugh Pharmacy,NEWBOROUGH PHARMAC,3.99,debit,pharmacy
Premier,Premier,8.49,debit,unclassified_other
Sony Playstation, Playstation,6.99,debit,gaming_console_pc
Brodericks Love Manvend,BRODERICKS LOVE MA,1.75,debit,confectionary
Flex,Flex,4.49,debit,unclassified_other
Sky Store,Sky Store,13.99,debit,streaming
Gmg Consumer LLC,GMG CONSUMER LLC U.A.EMIRATES AMOUNT IN AED 13.10 ON 20 AUG VISA 4.947801 FINAL GBP AMOUNT INCLUDES NON-STERLING TRANS FEE £0.08 ,2.73,debit,foreign_spend_unspecified
Transport for London,TFL TRAVEL CH,5.8,debit,public_transport_rail_coach
Sonia Vargas Da Rosa Noah,Sonia Vargas Da Rosa Noah,90.0,debit,transfer_p2p
Mr Colin Worton,MR COLIN WORTON  XXXXXXXXXXXX4068 BBP,100.0,debit,transfer_p2p
Mr Cameron Luke,MR CAMERON LUKE 100000001576158532,75.0,debit,transfer_p2p
Excelvendingltd,Contactless Payment NYX*ExcelVendingLtd GOOGLE 6482,1.2,debit,confectionary
Goldwire Conve,PPOINT_*GOLDWIRE C  ON 12 JUL CLP PPOINT_*GOLDWIRE CONVE,18.34,debit,convenience_store
Xwidget,XWIDGET.NET,10.02,debit,software
The Medical Hall Lim,The Medical Hall Lim,6.59,debit,pharmacy
Sues Store,SUES STORE,25.46,debit,convenience_store
Best Wood Off,7834 30JUN25 C    BEST WOOD OFF     LICENCE           NOTTINGHAM GB,6.89,debit,alcohol_beer_spirits
Cardtronics,CARDTRONICS UK LTD BURWELL 07JUL 14.40 ATM,120.0,debit,cash_withdrawal
Up Steps Inn,Up Steps Inn,13.5,debit,pub_bar
J Hamblet,J HAMBLET 113709 11884666,10.0,debit,transfer_p2p
Kath Money,KATH              MONEY             VIA MOBILE - PYMT FP 13/09/25 10    30222324681370000N,10.0,debit,transfer_p2p
The Wonky Teapot,THE WONKY TEAPOT  ON 08 AUG CPM,14.0,debit,restaurant_cafe
Jp Gardening Designs,JP gardening designs,10.0,debit,tradesmen
Premia Solutions,220/189873-6885 Premia Solutions,8.99,debit,insurance_motor
Baric Storage,BARIC STORAGE LTD 500000001629314090,20.0,debit,storage
Co-op Food,Co-op Food,11.55,debit,groceries
Chloe Nicholson,CHLOE NICHOLSON 200000001611701938,1.0,debit,transfer_p2p
Rocket,ROCKET,2.49,debit,unclassified_other
C Bentall Centre,3824 07JUN25 C    BENTALL CENTRE    KINGSTON UPON GB,5.5,debit,unclassified_card_spend
Airfoods,INT'L 1651621484  AIRFOODS FUERTEVENARGANDA DEL R     EUR 11.20 @ 1.1678MAS Rate,9.59,debit,foreign_spend_unspecified
Charlie Park,"CHARLIE PARK (VIA APPLE PAY), ON 07-07-2025",3.2,debit,days_out
Chaotic,CHAOTIC,1.08,debit,prize_competitions
The Gym Group,B535649A-THE-GYM The Gym Group,20.99,debit,gym_fitness
A Watson,A WATSON   17AUG25 110225 11261866,1.46,debit,transfer_p2p
Gary,GARY HUGHES       JONJO             VIA MOBILE - PYMT FP 02/08/25 10    30155207536052000J,5.0,debit,transfer_p2p
Co Op Group Food,CO OP GROUP FOOD,23.19,debit,groceries
The Venue,THE VENUE,4.1,debit,eating_out_other
Current,206719 63144062  MOBILE-CHANNEL FT Barclays current account,30.0,debit,transfer_own_account
Ross And Roberts Limited,Visa purchase ROSS AND ROBERTS LIMITED,340.17,debit,debt_enforcement
Trainline,TRAINLINE Trainline,23.09,debit,public_transport_rail_coach
Ring Basic Plan Ring,RING BASIC PLAN Ring,49.99,debit,online_services
Woodside Stores,Woodsidestores,0.95,debit,convenience_store
F Everard,F EVERARD  27JUL25 309877 36812660,70.0,debit,transfer_p2p
B & Q,B&Q,3.71,debit,home_improvement
SkyBet,5629 07SEP25  D   SKY BET           LEEDS GB,20.0,debit,gambling_betting
Raylo,Raylo - MXV8ZEG,72.18,debit,retail_finance_repayment
R&co Property Mana,R&CO PROPERTY MANA 309897 35000963,650.0,debit,property_management
Aspire,ALLPAY *ASPIRE HOU,450.0,debit,rent
Amazon,Amazon,17.0,debit,marketplace_amazon
Thesnackboxvendin,Contactless Payment NYX*TheSnackBoxVendin APPLEPAY 3580,1.0,debit,confectionary
Country Storage Co Container,COUNTRY STORAGE CO  CONTAINER 47 DIEGO FT,90.0,debit,storage
B20 Tx Verify,Txvrfy,15.02,debit,unclassified_other
Apple,APPLE.COM/BILL,14.99,debit,software
L And L,6485 20SEP25      L AND L EUROPE    LONDON GB,100.0,debit,unclassified_other
C Rymond,C RYMOND-BRYAN 110595 12411066,20.0,debit,transfer_p2p
Southern Co-op,SOUTHERN CO-OP RET  ON 29 AUG CPM SOUTHERN CO-OP RETAIL,4.0,debit,groceries
Transport for London,TFL TRAVEL CH  ON 13 JUL CPM TFL TRAVEL CHARGE,7.0,debit,public_transport_rail_coach
Ensign Bus Company,Ensign Bus Company Lim,2.7,debit,public_transport_rail_coach
Miss Kamron,Payment to MISS KAMRON GRANT 608371 12508646 2025-10-19,10.26,debit,transfer_p2p
Amazon,AMZNMktplace*RT6H7amazon.co.uk,9.99,debit,marketplace_amazon
Ellie Ellie Ft,ELLIE  ELLIE FT,30.0,debit,transfer_p2p
RingGo,RINGGO,5.2,debit,car_parking
Apple,Apple,2.99,debit,software
Ky Pocket Money,KY                POCKET MONEY      VIA MOBILE - PYMT,3.0,debit,transfer_p2p
HM Revenue and Customs,HMRC CHILD BENEFIT                    REFERENCE: HENDRIEADELE841712,43.3,credit,benefits_state
Flower Lane Sp,Flower Lane Sp4,60.0,debit,unclassified_other
Prince Kaetu-smith,PRINCE KAETU-SMITH  SERVICES FT,130.0,debit,transfer_p2p
Js Minimarket,JS MINIMARKET  ON 26 AUG CPM,3.49,debit,convenience_store
Courthouse Bar,Courthouse Bar,12.8,debit,pub_bar
Zable,ZABLE,11.0,debit,credit_card_repayment
Jade Hunter,Payment to JADE HUNTER 400500 20366412,3.0,debit,transfer_p2p
Pollyanna Kean,Starling Bank account - Dave Pollyanna Kean - SortCodeAccountNumber: 60837172858124,50.0,debit,transfer_p2p
Nbplyx,Nbplyx E0000517,86.55,debit,insurance_general
Melissa Carney Aubrey,MELISSA CARNEY    AUBREY            VIA MOBILE - PYMT,15.0,debit,transfer_p2p
Apple,APPLE.COM/BILL CD 8988,1.99,debit,software
Apple,0215 28SEP25  D   APPLE.COM/BILL    08001076285 IE,1.99,debit,software
Flex,Flex,0.09,debit,unclassified_other
Dvla-lb,DVLA-LB06KVD 000000000061828530,18.37,debit,road_tax
Mr Paul J Stockdal,MR PAUL J STOCKDAL 200000001595787401,13.0,debit,transfer_p2p
Home Retail Group,8252 12JUN25      HOME RETAIL GROUP LONDON GB,35.0,debit,catalogue_retail
Jamie Stone,Jamie Stone,11.0,debit,transfer_p2p
Hastings Insurance,HASTINGS INSURANCE,59.29,debit,insurance_general
Hills Of Corby Hill Sp,HILLS OF CORBY HIL  ON 05 JUL CPM HILLS OF CORBY HILL SP,1.25,debit,groceries
Current,TRANSFER TO EVERYDAY CURRENT ACCOUNT,10.0,debit,transfer_own_account
Pak Foods,PAK FOODS,9.56,debit,groceries_specialist
Costa Coffee,COSTA COFFEE 43011,5.0,debit,restaurant_cafe
Mnk Village Food & Win,Mnk Village Food & Win,8.0,debit,convenience_store
Goals Heathrow Bar,Goals heathrow bar  ON 17 JUL CPM GOALS HEATHROW BAR,7.4,debit,pub_bar
Mr Philip M Spence,MR PHILIP M SPENCE 600000001606720538,100.0,debit,transfer_p2p
Niki Brothers,SumUp  *NIKI BROTH,4.99,debit,unclassified_other
Ary Court,0320 03OCT25 C    STANNARY COURT    PLYMOUTH GB,6.79,debit,pub_bar
Canteen Harrow,CANTEEN HARROW  ON 19 JUN CPM,3.6,debit,catering
3s Retail LTD,3S RETAIL LTD,3.34,debit,convenience_store
Uk Funerals,UK FUNERALS  2022 16180307,24.91,debit,funeral
Showcase Cinema de Lux,2667 04JUL25 CD   SHOWCASE          PETERBOROUGH      NOTTINGHAM GB,16.45,debit,cinema
Stripe Re Shopify Capital Uk,DBYLQFFUL1NDYZYRR8 Stripe Re Shopify Capital Uk,407.47,debit,business_loan_repayment
Miss,MISS HAYLEY D GOULD                      RENT from son,15.0,debit,rent
Nuns Bridge Filling Stati,NUNS BRIDGE FILLIN,7.74,debit,fuel
Vape Empire Chorley,Vape Empire Chorley,18.0,debit,vaping
Icelandair,Iceland,22.3,debit,groceries
Crocseu,CrocsEU,89.97,debit,footwear
Sofia Pemberton Frm Zoe,SOFIA PEMBERTON  FRM ZOE FT,30.0,debit,transfer_p2p
Ragulans Brothers Limi,Ragulans Brothers Limi,12.0,debit,convenience_store
Mob Nichola Borrowed,"MOB, Nichola, Borrowed",81.0,debit,loan_repayment_manual
LC International,5649 25JUL25  D   LC INTERNATIONAL  LTD               GIBRALTAR GI,5.0,debit,gambling_betting
Cd Nash Supermarket,4137 17JUN25 CD   NASH SUPERMARKET  OLDBURY GB,4.05,debit,groceries
Sky Betting And Ga,SKY BETTING AND GA  GZO9SWXJ5QA136LDLL FT,5.0,debit,gambling_betting
K Brown,K BROWN 100000001606516412,50.0,debit,transfer_p2p
Trainline,"TRAINLINE (VIA APPLE PAY), ON 18-10-2025",4.3,debit,public_transport_rail_coach
Bee Network,BEE NETWORK,2.0,debit,public_transport_rail_coach
Newcastle City Council 6c,NEWCASTLE CITY COU,8.44,debit,government_services
Ljmu,7274 14OCT25      LJMU VIP          LIVERPOOL GB,7.5,debit,education_general
Essentialphoto,SP ESSENTIALPHOTO CD 3551,535.96,debit,camera_photography
Cd Argos Ur,7547 19JUL25 CD   ARGOS URMSTON     URMSTON GB,12.0,debit,catalogue_retail
S Harris-day,S HARRIS-DAY 308459 70297160,8.0,debit,transfer_p2p
Cd Metrolink Tvm,8864 22SEP25 CD   METROLINK TVM     03000 035035 GB,3.8,debit,public_transport_rail_coach
Coles,COLES 4461 AUSTRALIA AMOUNT IN AUD 8.60 ON 27 SEP VISA 2.034998 FINAL GBP AMOUNT INCLUDES NON-STERLING TRANS FEE £0.13 ,4.36,debit,foreign_spend_unspecified
Meli Art Coffee & Pastries, Meli Art Coffee & Pastries,3.5,debit,restaurant_cafe
Parkview Pharmacy,PARKVIEW PHARMACY,2.99,debit,pharmacy
Cheshire Mortgage,CHESHIRE MORTGAGE,442.0,debit,mortgage
Falcon Coaches Limited,FALCON COACHES LIM,3.0,debit,public_transport_rail_coach
Prestwich Mark,SumUp *Prestwich M  ON 05 OCT CPM SUMUP  *PRESTWICH MARK,2.68,debit,unclassified_other
D Nie,D NIE 776325 74930460,20.0,debit,transfer_p2p
Sony Playstation,8479 10OCT25      PLAYSTATION       NETWORK           SONY PSN GB,3.99,debit,gaming_console_pc
Hakko House,Hakko House,13.0,debit,restaurant_cafe
Sean Dowrick,Sean Dowrick,5.0,debit,transfer_p2p
Tiktok Shop,TikTok Shop,23.19,debit,marketplace_general
Cambridge Sd,CAMBRIDGE SPORTS D  ON 21 AUG CPM CAMBRIDGE SD,102.98,debit,sportswear
Mom Barclays,Payment to MOM BARCLAYS 207070 70264474,35.0,debit,transfer_p2p
T J Morris LTD,T J MORRIS LTD CD 9646,36.71,debit,discount_store
Parking Mtcbc,Contactless Payment PARKING MTCBC APPLEPAY 7834,0.7,debit,car_parking
Dsolpay,DSolPay E0000480,19.99,debit,unclassified_other
Lime,Lime,2.16,debit,bicycle
Claritycheckcomuk,CRV*CLARITYCHECKCO  ON 18 JUL BCC CRV*CLARITYCHECKCOMUK,0.5,debit,credit_reporting_service
Tumelo Senatsi Tumelo,TUMELO SENATSI    TUMELO            VIA MOBILE - PYMT FP 19/08/25 10    51015555972866000N,21.53,debit,transfer_p2p
Pridgeon Farms,Zettle_*PRIDGEON F  ON 18 JUN CPM ZETTLE_*PRIDGEON FARMS,35.62,debit,groceries_specialist
Miss Jessica Bull,MISS JESSICA BULL  NEW ACCOUNT FT,10.0,debit,transfer_p2p
A C,To A/C 20789483   OJO MO            Via Mobile Xfer,1984.84,debit,transfer_p2p
HM Revenue and Customs,HMRC CHILD BENEFIT  BULL000JESSI951111 BGC,43.3,credit,benefits_state
SkyBet,VISA DIRECT PAYMENT Sky Bet ON 23 AUG CRE,120.0,credit,gambling_unspecified
Apple,INT'L 0024304796  APPLE.COM/BILL    CORK,2.99,debit,software
McDonald's,MCDONALDS,13.17,debit,takeaway
Lowell,LOWELL,81.04,debit,debt_collection
Amazon,Amazon,24.99,debit,marketplace_amazon
Mr D E Smith,MR D E SMITH 300000001628229970,5.0,debit,transfer_p2p
Evapo,Evapo Ltd,15.39,debit,vaping
COOP,CENTRAL ENG COOP,10.5,debit,groceries
Amazon,AMAZON* R76DG5LQ4 Amazon,17.84,debit,marketplace_amazon
Mnk Mak Foods,Mnk Mak Foods,19.66,debit,groceries_specialist
Miss D Thornton Roxi & Keegie,MISS D THORNTON   ROXI & KEEGIE     VIA MOBILE - PYMT FP 23/09/25 10    02083204684350000N,20.0,debit,transfer_p2p
SkyBet,Sky Bet,10.0,debit,gambling_betting
Company Shop,Company Shop,4.6,debit,groceries
Price Street Sports Lo,Price Street Sports Lo,4.4,debit,pub_bar
Amazon,Amazon.co.uk*IS7OC  ON 25 JUN BCC,14.7,debit,marketplace_amazon
Ahmed Bros Wholesaoldham,AHMED BROS WHOLESAOLDHAM,86.48,debit,cash_and_carry
CRE,PAYPAL *PAYPAL CRE35314369001,500.0,debit,revolving_credit_repayment
Takyiwah S,To A/C 42361176   TAKYIWAH S        Via Mobile Xfer,130.0,debit,transfer_p2p
Ruzgar Limited,RUZGAR LIMITED,2.34,debit,unclassified_other
A C,To A/C 95729046   ROMERO S          Via Mobile Xfer,1.0,debit,transfer_p2p
One London,7394 15JUL25      GOOGLE ONE        LONDON GB,1.59,debit,web_services
Foodie Fella,Contactless Payment FOODIE FELLA APPLEPAY 4106,5.0,debit,takeaway
Capital Resolve,CAPITAL RESOLVE LI  ON 02 SEP BCC CAPITAL RESOLVE LIMITE,10.0,debit,debt_collection
Callum Faulkner John,CALLUM FAULKNER  JOHN FT,20.0,debit,transfer_p2p
Ring Basic Plan,RING BASIC PLAN,4.99,debit,online_services
Icelandair,Iceland,38.75,debit,groceries
Current,TRANSFER TO EVERYDAY CURRENT ACCOUNT,200.0,debit,transfer_own_account
Smc Re,SMC RE UNITY UNITYL872047,4.34,debit,unclassified_other
Cd Probus School,7004 07JUL25 CD   PROBUS SCHOOL     FILLING           TRURO GB,12.09,debit,fuel
Bentleys Restauran,Bentleys RestauranIpswich,5.8,debit,restaurant_cafe
Cafe Barista,Cafe Barista         )))),2.95,debit,restaurant_cafe
Ewa Stepien,EWA STEPIEN 300000001599251501,10.0,debit,transfer_p2p
P Pisula,P Pisula - SortCodeAccountNumber: 77912951356560,25.0,debit,transfer_p2p
Guven Express,GUVEN EXPRESS  ON 14 JUL CLP,19.97,debit,convenience_store
Parsons London,Parsons           London,2.0,debit,restaurant_cafe
Darwen Sst,0162 05AUG25 C    DARWEN SST        DARWEN GB,3.7,debit,unclassified_other
Novaed,0665 16AUG25      NOVAED            SUFFOLK GB,10.0,debit,unclassified_other
Theseotext,5788 20JUN25      THESEOTEXT        BRATISLAVA SK,97.0,debit,unclassified_other
Metro Prepaid Limited,METRO PREPAID LIMI  ON 10 OCT BCC METRO PREPAID LIMITED,20.0,debit,energy
Apple,5273 29AUG25  D   APPLE.COM/BILL    APPLE.COM/BIL IE,7.99,debit,software
Raylo,SSB2EXN Raylo,37.48,debit,retail_finance_repayment
Olive Catering,Olive Catering RPL  ON 18 AUG CLP OLIVE CATERING RPL1,3.7,debit,catering
Marcus,Payment to MARCUS CONDUCT 110300 00737213,23.0,debit,transfer_p2p
Forum Kayseri-gise,195-Forum Kayseri-Gise,3.52,debit,foreign_spend_unspecified
Gordons,Gordons 75776,2.65,debit,groceries
McDonald's,Contactless Payment MCDONALDS SAMSUNG 0070,2.09,debit,takeaway
Apple,apple.com/bill,0.99,debit,software
Quotrade-edu,Visa purchase QUOTRADE-EDU.COM,50.0,debit,education_general
Taptap Send,Account - jLwqy3NnIWCW TapTap Send - SortCodeAccountNumber: 04007246254056,5.21,debit,transfer_international
Trainline,Trainline,3.35,debit,public_transport_rail_coach
Utilita Energy,3546 03OCT25      UTILITA ENERGY    LIMITED           01962679088 GB,33.0,debit,energy
A Pasker,A PASKER 400000001606158883,30.0,debit,transfer_p2p
Transport for London,TFL TRAVEL CH  ON 11 OCT CPM TFL TRAVEL CHARGE,8.4,debit,public_transport_rail_coach
Cabot Fncl,CABOT FNCL (EUROPE,27.01,debit,debt_collection
Transport for London,Contactless Payment TFL TRAVEL CH APPLEPAY 6767,1.75,debit,public_transport_rail_coach
Gcuk,Gcuk Sheffield,5.4,debit,unclassified_other
Gentle Freshness Lda,Contactless Payment GENTLE FRESHNESS LDA EUR 15.00000 at 1.1494 APPLEPAY 5415,13.05,debit,foreign_spend_unspecified
Ojuolape S,Ojuolape S A IbrahMonzo account,10.0,debit,transfer_p2p
The Tipsy Cow,SumUp  *The Tipsy,6.35,debit,pub_bar
The Wild Olive,THE WILD OLIVE 21 SEASCALE,43.7,debit,restaurant_cafe
K M Noble Mum,K M NOBLE         MUM               VIA MOBILE - LVP,6.0,debit,transfer_p2p
Beginning Of,To Beginning of month 1k,80.0,debit,savings_transfer
Poles Tamworth Garage Tam,POLESWORTH GARAGE TAMWORTH,19.97,debit,fuel
SkyBet,SKYBET,8.33,credit,gambling_unspecified
J M Hoare Treat,J M HOARE  TREAT FT,2.0,debit,transfer_p2p
Now 5 Ecdb Entertai,NOW 5ECDB Entertai,6.99,debit,streaming
Ornament.health,INT'L 0061465375  ORNAMENT.HEALTH   LIMASSOL,30.99,debit,online_services
Apple,APPLE.COM/BILL CD 2783,0.99,debit,software
Apple,APPLE.COM/BILL,0.99,debit,software
Vape Club,Vape Club,28.99,debit,vaping
Sky Betting And Gaming,Sky Betting and Gaming                   03WI2C8G37DNBU2C02,50.0,debit,gambling_betting
Jac Store,9076 25JUL25 CD   SUMUP  *JAC STORE LTD               LONDON GB,4.0,debit,convenience_store
C Treetop Adventure Golf B'ham,0622 29JUN25 C    TREETOP ADVENTURE GOLF              B'HAM B5 4 GB,18.25,debit,days_out
Nicole Sheridan,NICOLE SHERIDAN,4.0,debit,transfer_p2p
Wandsworth Borough,WANDSWORTH BOROUGH,20.0,debit,government_services
Amazon,CARD PAYMENT TO AMAZON.CO.UK ON 29-07-2025,8.34,debit,marketplace_amazon
Apple,Apple,24.95,debit,software
Amazon,AMZNMktplace,14.24,credit,refund_received
C Plum Tree Farm,3316 12AUG25 C    PLUM TREE FARM    BLACKPOOL GB,10.6,debit,pub_bar
Waqqas Ali Freddie,WAQQAS ALI        FREDDIE           VIA MOBILE - PYMT FP 28/08/25 10    26032500402515000N,100.0,debit,transfer_p2p
City Convenience Store,City Convenience Store,4.38,debit,convenience_store
F Mart Mini LLC,Contactless Payment F MART MINI LLC APPLEPAY 6024,21.18,debit,convenience_store
Apple,Visa purchase APPLE.COM/BILL,3.99,debit,software
Apple,Visa purchase APPLE.COM/BILL,10.99,debit,software
Greenford Grocers LTD, Greenford Grocers Ltd,10.33,debit,groceries
Christopher Clayton Leisure,Christopher Clayton Leisure,10.0,debit,gym_fitness
Joint Utilities,JOINT UTILITIES,14.54,debit,utility_other
Washington Tax,Washington Tax,5.0,debit,unclassified_other
Streetshirts,SP STREETSHIRTS,15.98,debit,clothing_general
Apple,Visa purchase APPLE.COM/BILL,1.59,debit,software
Dillans Food And Wine,DILLANS FOOD and W,3.0,debit,convenience_store
ITVX,ITVX PREMIUM,3.99,debit,streaming
Abbi Wynne,ABBI WYNNE 300000001615165258,150.0,debit,transfer_p2p
Peter Gardner Money,PETER GARDNER     MONEY             VIA MOBILE - PYMT FP 12/09/25 10    15115500831033000N,20.0,debit,transfer_p2p
Kulture,5831 20SEP25 CD   SUMUP  *KULTURE   EVENTS            IPSWICH GB,10.0,debit,entertainment_other
Current,202686 80699039  OPTIONAL FT Barclays current account,10.0,debit,transfer_own_account
Milkbotretailcepro,Nyx*milkbotretailcepro,1.5,debit,groceries_specialist
Halton Village Stores,Halton Village Stores,3.5,debit,convenience_store
Gcc Fin Serv Ecomm,GCC FIN SERV ECOMM,57.0,debit,unclassified_other
Twinlakespark,TWINLAKESPARK.COM 01664567777,53.35,debit,days_out
Cd Savers Health & Beauty,5103 30AUG25 CD   SAVERS HEALTH &   BEAUTY            LOUGHBOROUGH GB,29.12,debit,health_beauty_general
Trainline,PAYPAL *TRAINLINE 35314369001,21.4,debit,public_transport_rail_coach
Amazon Prime,8983 20JUN25      AMAZON            PRIME*L11XS0HW5   AMZN.CO.UK/PM GB,8.99,debit,streaming
Raylo,AFKXKF7 Raylo,40.99,debit,retail_finance_repayment
SkyBet,SKY BET Sky Bet,10.0,debit,gambling_betting
Miss Sholanda,Miss Sholanda S Burris sb,5.0,debit,transfer_p2p
The Spitfire,The Spitfire from Groceries Pot,15.35,debit,pub_bar
Current,206651 33976114  MOBILE-CHANNEL FT Barclays current account,100.0,debit,transfer_own_account
Tandoori Knights,Tandoori Knights,2.0,debit,takeaway
Bp Bovey Sf Connect,Contactless Payment BP BOVEY SF CONNECT,8.45,debit,fuel
Apple,APPLE.COM/BILL Apple App Store,5.99,debit,software
Cd Ridgewood Stores,8213 01OCT25 CD   RIDGEWOOD STORES  LTD               UCKFIELD GB,0.85,debit,convenience_store
Horse And Jockey,HORSE AND JOCKEY Horse And Jockey,16.95,debit,pub_bar
Stagecoach Services,STAGECOACH SERVICESTOCKPORT,3.8,debit,public_transport_rail_coach
Trainline,Trainline,3.7,debit,public_transport_rail_coach
Hurricane Rooms Cd,HURRICANE ROOMS CD 4411,2.3,debit,sports_participation
Virgin Games Cd,VIRGIN GAMES CD 0920,15.0,debit,gambling_casino
Le Chateau,LE CHATEAU  ON 09 SEP CLP,5.39,debit,restaurant_cafe
First Direct Loan,FIRST DIRECT LOAN,428.91,debit,personal_loan_repayment
Trading 212 Pi,TRADING 212 PI2612503574245162,1000.0,debit,investment_trading
Aberdeenshire,ABERDEENSHIRE,33.68,debit,government_services
Amazon,1522 07AUG25      AMZNMKTPLAC       E*RF8VL44G4       AMAZON.CO.UK GB,11.99,debit,marketplace_amazon
Raylo,RAYLO              / ref: BVPVK5X,72.15,debit,retail_finance_repayment
Transport for London, TFL - Transport for London,1.75,debit,public_transport_rail_coach
Stephanie Aird,Stephanie Aird,20.0,debit,transfer_p2p
Www.amazon.uk.co,WWW.AMAZON.* RU15H  ON 19 AUG BCC WWW.AMAZON.UK.CO,11.89,debit,marketplace_amazon
Pizza Range,Pizza Range,21.5,debit,takeaway
Sarah Lipscombe,Payment to SARAH LIPSCOMBE 602421 90173759,10.0,debit,transfer_p2p
The Curry Garden Gateshead,THE CURRY GARDEN  GATESHEAD,23.55,debit,restaurant_cafe
Raymond Manito,RAYMOND MANITO KAR 500000001619736911,150.0,debit,transfer_p2p
Natwest Bank,"DIRECT DEBIT PAYMENT TO NATWEST BANK REF 83330417/1862576, MANDATE NO 0020",352.11,debit,financial_institution_unspecified
Armagh Food Centre,Armagh Food Centre Limited ,6.63,debit,groceries
Amazon,AMZNMktplace,3.95,credit,refund_received
Amazon,Amazon,34.0,debit,marketplace_amazon
M Wilson,M WILSON 301286 14061660,20.0,debit,transfer_p2p
Amazon Prime,Amazon Prime*R40A9,8.99,debit,streaming
Fair Oak Local,Fair Oak Local,4.1,debit,groceries
Gp Time 4 Kiosk,GP TIME 4 KIOSK LTD Gp Time 4 Kiosk,5.2,debit,convenience_store
Thamesmead Service Statio,Contactless Payment THAMESMEAD SERVICE STATIO APPLEPAY 7635,59.31,debit,fuel
National Health Service,Nhsbsa Ppc 2 NHS Prescription Prepayment Certificate,11.45,debit,pharmacy
Justpark,JUSTPARK JustPark,2.32,credit,refund_received
Danielle John,Danielle John,108.0,debit,transfer_p2p
Aaron Campbell,Aaron campbell,25.0,debit,transfer_p2p
Jennifer Brookes Monzo-lryzy,JENNIFER BROOKES  MONZO-LRYZY       VIA MOBILE - PYMT FP 05/08/25 10    19144644200878000N,50.0,debit,transfer_p2p
Mandate No,"DIRECT DEBIT PAYMENT TO PAYPAL PAYMENT REF 5ATJ222DUYDD6, MANDATE NO 0030",15.8,debit,payment_intermediary
COOP,3483 01AUG25 CD   SCOTMID COOP 0107 CAIRNEYHILL GB,8.05,debit,groceries
Amazon,CARD PAYMENT TO AMAZON.CO.UK*WS3P18OW5 ON 11-06-2025,9.5,debit,marketplace_amazon
Instantly,Instantly,46.49,debit,software
Dazn,WWW.DAZN.COM,14.99,debit,streaming
April Coates,United Kingdom Account - From A Coates April Coates - SortCodeAccountNumber: 77010241515868,865.38,debit,transfer_p2p
Onbuy,OnBuy.com CD 4558,8.19,debit,marketplace_general
My Juniper London,MY JUNIPER        LONDON,249.0,debit,weight_loss
The Churchgate,6093 05JUL25 CD   VER*THE CHURCHGATEBOLTON GB,4.5,debit,pub_bar
Amazon,Amazon.co.uk*RF8F3,4.49,debit,marketplace_amazon
Stagecoach Services,STAGECOACH SERVICE,2.0,debit,public_transport_rail_coach
Buzz Bingo,Buzz Group Limited Buzz Bingo,12.0,debit,gambling_bingo
Hendersons Ballygowan,Contactless Payment HENDERSONS BALLYGOWAN APPLEPAY 2895,7.53,debit,groceries
K P Hamlin Hamlin,K P HAMLIN        HAMLIN            VIA MOBILE - PYMT FP 08/08/25 10    04082902032093000N,50.0,debit,transfer_p2p
Cd Lark Hall Inn,8957 16JUN25 CD   LARK HALL INN     BATH GB,5.6,debit,pub_bar
Trainpal,2078 08JUL25  D   TRAINPAL          LONDON GB,6.6,debit,public_transport_rail_coach
Mr Billy J Bull Bjb,MR BILLY J BULL  BJB FT,9.9,debit,transfer_p2p
Roddy,Roddy Johnston - SortCodeAccountNumber: 83410000629319,40.0,debit,transfer_p2p
Maloobchod,Maloobchod,7.41,debit,foreign_spend_unspecified
Nutrition Geeksluton,SP NUTRITION GEEKSLUTON,16.99,debit,supplements
Chargos Aylesbury,CHARGOS           AYLESBURY,10.98,debit,takeaway
Marsh Lane Filling Statio,Contactless Payment MARSH LANE FILLING STATIO 2025-08-10,27.14,debit,fuel
Dacorum Council,DACORUM COUNCIL -,2.3,debit,government_services
Esso Burnley,"ESSO BURNLEY BARRACKS (VIA APPLE PAY), ON 02-08-2025",24.08,debit,fuel
McDonald's,MCDONALDS  ON 06 AUG CPM McDonald's,1.89,debit,takeaway
C Spar Store Runcorn,9933 07JUL25 C    SPAR STORE        RUNCORN GB,1.35,debit,groceries
S Hall,S HALL 110016 13334664,500.0,debit,transfer_p2p
Google Storage,Google Storage,2.49,debit,web_services
The Sandwich Man Broms,THE SANDWICH MAN B  ON 08 AUG CPM THE SANDWICH MAN BROMS,10.0,debit,takeaway
Exchanged To Xrp,Exchanged to XRP,0.99,debit,crypto
C L Davies,C L DAVIES,10.0,debit,transfer_p2p
Amazon.co.jp,Amazon.co.jp,7.06,debit,marketplace_amazon
Oak Mead Cafe & Shop,OAK MEAD CAFE & SH,9.35,debit,restaurant_cafe
Chyanclare News,CHYANCLARE NEWS  ON 08 JUL CLP,20.5,debit,convenience_store
Ben Blackborow,United Kingdom Account - From M Jones Ben Blackborow - SortCodeAccountNumber: 16282910048258,20.0,debit,transfer_p2p
Apple,APPLE.COM/BILL Apple App Store,6.99,debit,software
Apple,4273 03AUG25      APPLE.COM/BILL    APPLE.COM/BIL IE,2.99,debit,software
Michyla Mayo Ty,MICHYLA MAYO      TY                VIA MOBILE - PYMT,20.0,debit,transfer_p2p
Cd Campbell Fuel Oilslim,7219 27SEP25 CD   CAMPBELL FUEL OILSLIM               KILMARNOCK GB,40.0,debit,heating_oil
Superbuy Com,Ona*superbuy Com,19.08,debit,marketplace_general
Quadri,Quadri Rodemade,1.76,debit,unclassified_other
Coca Cola Ni,Contactless Payment COCA COLA NI APPLEPAY 3265,1.3,debit,confectionary
Deepblue Beverley,DeepBlue Beverley,13.99,debit,takeaway
I Blaze,I Blaze,10.0,debit,vaping
McDonald's,MCDONALDS,19.76,debit,takeaway
A C,To A/C 71976817   MORGAN LM         Via Mobile Xfer,43.3,debit,transfer_p2p
One Love Carib,SQ *ONE LOVE CARIBRomford,11.0,debit,restaurant_cafe
L White,L WHITE 300000001654850175,0.3,debit,transfer_p2p
Rise Beachwear,SumUp  *RISE Beachwear Sumup *rise Beachwear,242.65,debit,clothing_general
B Lockwood,B LOCKWOOD 111074 25946262,0.52,debit,transfer_p2p
H Gibney,H GIBNEY 777214 30819860,7.78,debit,transfer_p2p
Apple,APPLE.COM/BILL,19.99,debit,software
Shannon Chilcott Pi,SHANNON CHILCOTT PI4940087260303918,200.0,debit,transfer_p2p
Trainline,Visa purchase TRAINLINE APPLEPAY 1283,10.54,debit,public_transport_rail_coach
Dabble Deposit Uk,Dabble Deposit UK Dabble Deposit Uk,10.0,debit,gambling_betting
Apple,apple.com/bill,1.79,debit,software
Premier T A Brothers Conv,Premier t/a Brothe,4.28,debit,groceries
C The Andulsian,"2585 09AUG25 C    THE ANDULSIAN,    CARLI             CARLISLE GB",9.5,debit,restaurant_cafe
Zopmpas,Zopmpas,43.9,debit,unclassified_other
Prime Video Rent Buy,Prime Video Rent /,4.49,debit,streaming
Synchronicity Care LTD,Contactless Payment SYNCHRONICITY CARE LTD GOOGLE 2978 2025-06-01,0.93,debit,confectionary
Utilita Energy,UTILITA ENERGY LIM,10.0,debit,energy
Cd Caister,1820 18JUL25 CD   CAISTER - RETAIL  GREAT YARMOUT GB,3.94,debit,unclassified_card_spend
Yasir Hussain,YASIR HUSSAIN 100000001618543182,600.0,debit,transfer_p2p
East Lindsey Dist Ips,East Lindsey Dist -Ips,3.0,debit,car_parking
Amazon,AMZNMktplace*R74DD,19.99,debit,marketplace_amazon
Spotify *,PAYPAL *SPOTIFY*P3,19.99,debit,streaming
Apple Store,"INGLE STORE (VIA APPLE PAY), ON 27-08-2025",4.34,debit,unclassified_card_spend
Lilly Quinsey,LILLY QUINSEY 400000001583170415,10.0,debit,transfer_p2p
Phillippa,Phillippa Purcell,3.0,debit,transfer_p2p
Mrs N T Legge,mrs n t legge                            a,40.0,debit,transfer_p2p
Suel Ahmed Suel.a,SUEL AHMED  SUEL.A FT,100.0,debit,transfer_p2p
Bullring Car Park,"2442 21AUG25 CD   BULLRING CAR PARK,BIR               BIRMINGHAM GB",4.0,debit,car_parking
Cd T,4480 19JUN25 CD   T J MORRIS LTD    DERBY GB,9.87,debit,discount_store
Wise,Wise Payments Fee for 45.21 GBP  Depasify,0.16,debit,money_transfer_fee
Zinnia,Zinnia,6.0,debit,unclassified_other
Burnley Borough Council,Burnley Borough Co Burnley Borough Council,159.0,debit,council_tax
Oodle Car Finance,OODLE CAR FINANCE 250415124543412-01,313.58,debit,car_finance_repayment
Manorfarmfruits,WWW.MANORFARMFRUIT,21.15,debit,groceries_specialist
YouTube,GOOGLE *YouTube   g.co/helppay#,3.99,debit,streaming
Apple,4127 25SEP25      APPLE.COM/BILL    08001076285 IE,9.99,debit,software
Ishaq Mohammed,United Kingdom Account - From I Mohammed ishaq mohammed - SortCodeAccountNumber: 04007590999754,115.0,debit,transfer_p2p
Voi,Voi Uk,2.34,debit,transport_other
Amazon,Amazon,26.17,debit,marketplace_amazon
Win Bet Online LTD,WIN BET ONLINE LTD BULGARIA AMOUNT IN BGN 50.00 ON 01 JUL VISA 2.267867 FINAL GBP AMOUNT INCLUDES NON-STERLING TRANS FEE £0.66 ,22.71,debit,gambling_betting
Alfie Work,Alfie             Work,10.0,debit,transfer_p2p
A C,To A/C 18813183   IRVINE NMM        Via Mobile Xfer,1558.55,debit,transfer_bank_unspecified
H.m.chilufya,H.M.CHILUFYA 600000001635386307,500.0,debit,transfer_p2p
Warrens Bakery,Contactless Payment WARRENS BAKERY TRAGO D,4.9,debit,restaurant_cafe
Therapist Therapy Session,THERAPIST         THERAPY SESSION   VIA MOBILE - PYMT FP 17/06/25 10    16154509046555000N,50.0,debit,mental_health_services
Lewis Mccaw,LEWIS MCCAW 200000001605042087,100.0,debit,transfer_p2p
Stephen Nolan,STEPHEN NOLAN 500000001598364867,40.0,debit,transfer_p2p
David Ritson Xx,DAVID RITSON      XX                VIA MOBILE - PYMT FP 26/09/25 10    04151400308249000N,20.0,debit,transfer_p2p
Next Retail,Refund from Next Retail Ltd,25.0,credit,refund_received
Mr Adam Wakefield,Mr Adam Wakefield Brian,25.0,debit,transfer_p2p
A M Bensons Limite,A M BENSONS LIMITE,9.59,debit,groceries_specialist
Airtime Halifax,AIRTIME HALIFAX,20.25,debit,days_out
B&Q,B&Q MARKETPLACE,19.91,debit,home_improvement
Nitromonthly,DISCORD* NITROMONT,7.5,debit,online_services
Amazon,5061 15JUN25      AMAZON* 878F91FG5 LONDON GB,5.99,debit,marketplace_amazon
Sainsbury's Petrol Station,8062 27JUN25 CD   SAINSBURYS PETROL ELLESMERE POR GB,50.01,debit,fuel
Nikki Moore,NIKKI MOORE 600000001611251072,20.0,debit,transfer_p2p
Finlay Sykes Mum X Sto,FINLAY SYKES  MUM X STO,50.0,debit,transfer_p2p
Apple,7200 03AUG25  D   APPLE.COM/BILL    08001076285 IE,0.49,debit,software
Amazon,AMAZON* RG9JP1854,3.59,debit,marketplace_amazon
George Hotel,GEORGE HOTEL,2.49,debit,restaurant_cafe
Amazon,Amazon.co.uk*R75O6,10.11,debit,marketplace_amazon
Longevity Health Limited,Longevity Health Limited 733789 suppliers,2060.0,debit,unclassified_other
Mcdougal Ls Stores LTD,MCDOUGALLS STORES,17.29,debit,convenience_store
D Townsley,D TOWNSLEY,180.0,debit,transfer_p2p
Yorkshire Wildlife Park,YORKSHIRE WILDLIFE PAR Yorkshire Wildlife Park,29.5,debit,days_out
Squirt Pocket Money,SQUIRT            POCKET MONEY      VIA MOBILE - PYMT FP 22/08/25 10    51205450136786000N,5.0,debit,transfer_p2p
The Chippy,The chippy,28.35,debit,takeaway
Palladium Competitions,Palladium Competitions,3.9,debit,prize_competitions
Family Shopper,FAMILY SHOPPER SUR  ON 26 MAY CPM FAMILY SHOPPER   SURI,7.18,debit,groceries
The Bistro,The Bistro,9.5,debit,restaurant_cafe
David Lloyd,David Lloyd Clubs Swan,2.1,debit,gym_fitness
Trainpal,Trainpal,8.64,debit,public_transport_rail_coach
McDonald's,MCDONALDS         ASHTON UNDER,10.37,debit,takeaway
Lettuce Pets,SP LETTUCE PETS HONG KONG ON 04 AUG BCC,14.0,debit,pet_supplies
Gumtree Com,Visa purchase GUMTREE COM,8.95,debit,marketplace_general
Miss Kirsty L Tra I Love You,MISS KIRSTY L TRA  I LOVE YOU FT,16.0,debit,transfer_p2p
Floradapt,Sp Floradapt,3.99,debit,supplements
Tunnocks,Tunnocks,5.37,debit,restaurant_cafe
Disney+,4332 05AUG25 DISNEY PLUS HAMMERSMITH GB,12.99,debit,streaming
LC International,LC INTERNATIONAL L,10.0,debit,gambling_betting
R Bentinck,R BENTINCK 116478 02531161,50.0,debit,transfer_p2p
Sulayman Yamin,SULAYMAN YAMIN 100000001590737178,2.0,debit,transfer_p2p
Llanwern Bull,Llanwernbull,7.98,debit,pub_bar
Morr Hinckley,MORR HINCKLEY,20.0,debit,groceries
Mr Tristan Chandle,MR TRISTAN CHANDLE 600000001589765424,20.0,debit,transfer_p2p
The Abbey Arms,The Abbey Arms,9.3,debit,pub_bar
SkyBet,Visa purchase SKY BET APPLEPAY 7678,20.0,debit,gambling_betting
HM Revenue and Customs,HMRC CHILD BENEFIT 01656493,104.2,credit,benefits_state
Steven Roberts,STEVEN ROBERTS 600000001651066345,5.0,debit,transfer_p2p
Anne Paterson Gift Via,ANNE PATERSON     GIFT              VIA MOBILE - LVP  FP 15/07/25 10    35202035732928000R,16.0,debit,transfer_p2p
Qualista Beach Ismail Ki,QUALISTA BEACH  IS,4.67,debit,foreign_spend_unspecified
P Scoullar,P SCOULLAR,20.0,debit,transfer_p2p
Paypal Pay in 4,PAYPAL *PYPL PAYIN  ON 16 AUG BCC PAYPAL *PYPL PAYIN3,11.33,debit,bnpl
J Nainu,J NAINU 200000001634811034,0.1,debit,transfer_p2p
Mccooleys,McCooleys 1  ON 31 AUG CPM MCCOOLEYS 1,21.2,debit,pub_bar
7 Days Performance,7days Performance  ON 04 AUG CPM 7DAYS PERFORMANCE,1.99,debit,prize_competitions
SkyBet,SKY BET  ON 04 AUG BCC,80.0,debit,gambling_betting
Apple,3336 09JUN25  D   APPLE.COM/BILL    CORK IE,7.99,debit,software
PureGym,Direct Debit - First Payment PURE GYM LTD 206582 63448665,14.99,debit,gym_fitness
Current,200450 70512109  OPTIONAL FT Barclays current account,4.83,debit,transfer_bank_unspecified
Apple,3025 06AUG25  D   APPLE.COM/BILL    08001076285 IE,1.99,debit,software
Talha Ali Pay,Talha ali         Pay,2052.5,debit,transfer_p2p
Angie Money,ANGIE                                    MONEY,16.6,debit,transfer_p2p
Lci Limited Pi,LCI LIMITED PI6611406892928163,5.0,debit,gambling_betting
Skiddaw Bar,Skiddaw Bar  ON 21 JUN CPM SKIDDAW BAR,0.7,debit,pub_bar
Tui Travel-dom,2581 22SEP25  D   TUI TRAVEL-DOM    COVENTRY GB,1115.6,debit,holiday_package
Amrans Tandoori,Amrans Tandoori,18.45,debit,takeaway
E Paterson,E PATERSON,1.0,debit,transfer_p2p
McDonald's,McDonald’s,30.38,debit,takeaway
Maypole,MAYPOLE Maypole,40.82,debit,pub_bar
Apple,APPLE.COM/BILL,0.99,debit,software
Mathew Hollis,Payment to MATHEW HOLLIS 040003 58220443,10.0,debit,transfer_p2p
Fone Fixers,FONE FIXERS Fone Fixers,8.0,debit,services_unspecified
McDonald's,MCDONALDS,13.14,debit,takeaway
Mersey Tunnels Pilot,Contactless Payment Mersey Tunnels Pilot 4 APPLEPAY 1178,2.3,debit,tolls
Efes Kebab Cd,Efes Kebab CD 4084,5.5,debit,takeaway
Go Local Xtra,Go Local Xtra - Oxford St,2.19,debit,convenience_store
Bnaelocationsbasedo,Nyx*bnaelocationsbasedo,20.0,debit,gambling_unspecified
Zurich Assurance,ZURICH ASSURANCE L PR000014CM8-010X8P,131.66,debit,insurance_life
N C Dewar Mum,N C DEWAR  MUM FT,50.0,debit,transfer_p2p
Long Feng Foods Lt,LONG FENG FOODS LTBurgess Hill,20.5,debit,groceries_specialist
Go Local Extra,GO LOCAL Go Local Extra,12.0,debit,convenience_store
Focusfinance.co.uk,Direct debit FOCUSFINANCE.CO.UK 304065 00666444,3.99,debit,financial_services_other
Amazon,AMAZON* FJ8OY0KZ5,58.81,debit,marketplace_amazon
Amazon,Amazon,28.23,debit,marketplace_amazon
Co Op Group Food,8628 25AUG25      CO OP GROUP FOOD  BATH GB,2.7,debit,groceries
Louise,Louise Woodhall - SortCodeAccountNumber: 20268670852341,1000.0,debit,transfer_p2p
Transport for London,Contactless Payment TFL TRAVEL CH,8.9,debit,public_transport_rail_coach
U.S. Post Office,POST OFFICE DERING ROAD 23JUL 08.33 ATM,24.0,debit,cash_withdrawal
Steam,Steam,12.79,debit,gaming_console_pc
Domestic & General,D&G APPLIANCE CARE,8.74,debit,insurance_general
Hj Jones Lia 30th,Hj Jones Lia 30th,8.0,debit,transfer_p2p
Kath Money,KATH              MONEY             VIA MOBILE - PYMT FP 28/08/25 10    34120728318148000N,27.62,debit,transfer_p2p
Wilmington,687 - WILMINGTON,8.25,debit,discount_store
The Blue Corn Bakery,The Blue Corn Bake,11.0,debit,restaurant_cafe
Costa Coffee,COSTA COFFEE 43010,3.99,debit,restaurant_cafe
LC International,CARD PAYMENT TO LC INTERNATIONAL LTD ON 18-09-2025,10.0,debit,gambling_betting
Ring Basic Plan,RING BASIC PLAN,4.99,debit,online_services
Google One,Google One,1.59,debit,software
Leader Chicken Marti,Leader Chicken (marti,6.0,debit,takeaway
Amazon,Amazon,59.95,debit,marketplace_amazon
Dcvendingltd,Nyx*dcvendingltd,1.9,debit,confectionary
Premier Garthdee Cd,Premier Garthdee CD 1276,13.11,debit,groceries
E.ON UK,E.on Next Ltd E.ON Next,176.71,debit,energy
Jivita Ayurveda,JIVITA AYURVEDA Jivita Ayurveda,10.0,debit,beauty_treatment
Wh Smith Stafford,WH Smith Stafford,2.99,debit,books
Suhail Forjani,SUHAIL FORJANI 500000001643944101,20.0,debit,transfer_p2p
Peacock Stores,Contactless Payment PEACOCK STORES APPLEPAY 8561 2025-08-31,24.0,debit,clothing_general
Amazon,AMZNMktplace*QF8TC  ON 14 SEP BCC AMZNMKTPLACE,3.99,debit,marketplace_amazon
Amazon,AMZNMktplace*RV01Qamazon.co.uk,13.08,debit,marketplace_amazon
Metro,Contactless Payment SUMUP *METRO MDE6DYH4 APPLEPAY 0844,8.6,debit,unclassified_other
Tesco Petrol,4995 09AUG25 CD   TESCO PFS 3442    WYCOMBE NORTH GB,13.1,debit,fuel
Amazon,5984 29AUG25      AMAZON* RK6IZ5OQ4 LONDON GB,112.36,debit,marketplace_amazon
Current,207291 83683028  OPTIONAL FT Barclays current account,20.0,debit,transfer_bank_unspecified
Jason Smith Shop,JASON SMITH       SHOP              VIA MOBILE - PYMT FP 19/09/25 10    37093529227222000N,160.0,debit,transfer_p2p
Sadie,SADIE 400000001600031060,100.0,debit,transfer_p2p
Arshdeep Singh Me,ARSHDEEP SINGH  ME FT,10.0,debit,transfer_p2p
McDonald's,1826 06JUL25      MCDONALDS         BATH GB,30.12,debit,takeaway
Bhavna Joshi,Payment to BHAVNA JOSHI 600217 62549790,8.35,debit,transfer_p2p
Amazon,CARD PAYMENT TO AMAZON* RF19D3XV4 ON 08-08-2025,11.99,debit,marketplace_amazon
Ayngaran Service Station,AYNGARAN SERVICE S,25.0,debit,fuel
Apple,0523 06AUG25      APPLE.COM/BILL    08001076285 IE,1.79,debit,software
McDonald's,Contactless Payment MCDONALDS APPLEPAY 2646,24.95,debit,takeaway
Qualivend,QUALIVEND,1.5,debit,confectionary
Top Of The Mar,SumUp  *Top Of The Mar Sumup *top Of The Mar,2.0,debit,unclassified_other
Stdh Restaurant,Stdh Restaurant,3.25,debit,restaurant_cafe
Home Insurancelbis,HOME INSURANCELBIS HBP603493131-67C83,3.08,debit,insurance_home
K Mitchell,K MITCHELL,5.0,debit,transfer_p2p
Reading Taxi,Contactless Payment SUMUP *READING TAXI GOOGLE 6048,17.8,debit,taxi_rideshare
Cd Chester Off License,1320 23JUL25 CD   CHESTER OFF       LICENSE           CHESTER GB,8.64,debit,alcohol_beer_spirits
N Dales Leon Ft,N DALES  LEON FT,21.0,debit,transfer_p2p
McDonald's,McDonald’s,14.0,debit,takeaway
Ionos Cloud LTD,IONOS CLOUD LTD,1.2,debit,web_services
Burnley Borough Council,BURNLEY BOROUGH CO BURNLEY BOROUGH CL,500.0,credit,salary
GWR,GWR CATERING  ON 13 AUG CPM Great Western Railways,6.0,debit,restaurant_cafe
Amazon,Amazon,27.96,debit,marketplace_amazon
Amazon,AMAZON* R76EO9VX4  ON 12 JUL BCC AMAZON.CO.UK,4.99,debit,marketplace_amazon
Asha Shaali Gresory,ASHA SHAALI       GRESORY           VIA MOBILE - PYMT FP 24/09/25 10    50011343576559000N,5.0,debit,transfer_p2p
Transport for London,"TFL TRAVEL CH - VICTORIA STREET, TFL.GOV.UK/CP",4.55,debit,public_transport_rail_coach
Healthlottery.co.uk,HEALTHLOTTERY.CO.U,2.5,debit,gambling_lottery
Costa Coffee,Costa Coffee,5.4,debit,restaurant_cafe
Next Retail LTD,NEXT RETAIL LTD,6.0,debit,clothing_general
Tidal Vape,Tidal Vape,10.0,debit,vaping
Craig Tara,CRAIG TARA - RETAI,15.86,debit,convenience_store
Icelandair,Iceland Peckham 2,6.25,debit,groceries
L&g Insurance,L&G INSURANCE MI 0138285101-250627,50.0,debit,insurance_general
Ferovinum LTD,FEROVINUM LTD     CAVE              VIA MOBILE - PYMT FP 28/07/25 10    09091741993271000N,315.61,debit,financial_services_other
William Ashcroft,Starling Bank account - I owe William Ashcroft - SortCodeAccountNumber: 60837146173175,40.0,debit,loan_repayment_manual
Llantrisant Food Wareh,Llantrisant Food Wareh,23.25,debit,groceries
Gm Promotions,GM Promotions  ON 05 SEP CPM GM PROMOTIONS,6.5,debit,unclassified_other
Ppoint,"PPOINT_*HIGHFIELD ROAD (VIA GOOGLE PAY), ON 17-09-2025",6.54,debit,car_parking
Mns Late Shop,PPOINT_*MNS LATE S  ON 15 JUL CPM PPOINT_*MNS LATE SHOP,1.85,debit,convenience_store
Jasmin Hughes,Jasmin Hughes,30.0,debit,transfer_p2p
Easy Saver,TO EASY SAVER 771228-37985360,50.0,debit,savings_transfer
Stageco,STAGECOACH,3.0,debit,public_transport_rail_coach
Topfellas Convenience,TOPFELLAS CONVENIE,6.88,debit,convenience_store
Lynwood & Co Burfo,SQ *LYNWOOD & CO BURFO Lynwood & Co Burfo,29.05,debit,restaurant_cafe
Amir,Amir Hanif - SortCodeAccountNumber: 04000455757671,1040.0,debit,transfer_p2p
4 Mandate No,"DIRECT DEBIT REVERSAL REF 867707085/4, MANDATE NO 0096",18.17,credit,returned_payment
HM Revenue and Customs,HMRC CHILD BENEFIT 08011789,60.55,credit,benefits_state
Wingham Wildlife Ry,WINGHAM WILDLIFE RY25RNZ,5.5,debit,days_out
Sweet Land,Sweet Land,1.5,debit,confectionary
Cd Blue Anchor,1993 26JUL25 CD   BLUE ANCHOR       LIVERPOOL GB,4.12,debit,pub_bar
L Jones,L JONES 309555 37788268,150.05,debit,transfer_p2p
Cd The Railway,8145 14JUN25 CD   THE RAILWAY       TREDEGAR GB,5.5,debit,pub_bar
Jp News & Booze,JP NEWS & BOOZE,1.65,debit,convenience_store
T K Maxx,7826 30AUG25 CD   T K MAXX          METRO CENTRE GB,40.19,debit,clothing_general
Tiktok Shop,TikTok Shop,16.9,debit,marketplace_general
Miss Elise M Gallagher,Miss Elise M Gallagher Miss Elise M Galla,0.96,debit,transfer_p2p
JD Wetherspoon,8145 12SEP25  D   JD WETHERSPOON    WATFORD GB,3.69,debit,pub_bar
That Prize Guy LTD,That Prize Guy Ltd,0.9,debit,prize_competitions
Little Ast,Contactless Payment LITTLE ASTRONAUTS,6.6,debit,days_out
Kal-el C Oliver Food,KAL-EL C OLIVER  FOOD FT,6.38,debit,transfer_p2p
U.S. Post Office,Post Office,8.75,debit,delivery_courier
Raylo,RAYLO,27.84,debit,retail_finance_repayment
Vue,"VUE CINEMAS (VIA APPLE PAY), ON 08-10-2025",6.78,debit,cinema
Plumstead,Plumstead Market from Bus 2.0 Pot,3.87,debit,groceries
HM Revenue and Customs,HMRC CHILD BENEFIT 05712230,26.05,credit,benefits_state
Mirage Amusements,MIRAGE AMUSEMENTS  ON 17 OCT CLP,10.0,debit,gambling_unspecified
Hilltop Vending So,Nya*hilltop Vending So,1.0,debit,confectionary
Migo Sports,Migo Sports,72.0,debit,sports_equipment
Ultimate Shine Win,ULTIMATE SHINE WIN 100000001612275274,16.0,debit,carwash
Charlotte Davies Charlie,CHARLOTTE DAVIES  CHARLIE           VIA MOBILE - PYMT FP 22/07/25 10    59090658672368000N,50.0,debit,transfer_p2p
David Bean Flat,David Bean Flat6Rent,115.0,debit,rent
The Heart Of Walton,THE HEART OF WALTO  ON 11 AUG CPM THE HEART OF WALTON,1.5,debit,restaurant_cafe
Pizza Pilgrims,Pizza Pilgrims       )))),31.5,debit,restaurant_cafe
Knoops,Contactless Payment Knoops APPLEPAY 8005,5.45,debit,restaurant_cafe
Jump Inc,Jump Inc Liverpool CD 3103,4.95,debit,days_out
Amazon,AMAZON* T12US1AC5 Amazon,18.8,debit,marketplace_amazon
Off Licence Gs Wi,PPOINT_*OFF LICENC,2.65,debit,alcohol_beer_spirits
L&g Insurance,L&G INSURANCE MI 0267376457-250826,10.38,debit,insurance_general
COOP,EOE COOP FOOD,4.0,debit,groceries
Esme,ESME 400000001622815889,10.0,debit,transfer_p2p
Apple,0869 14JUN25      APPLE.COM/BILL    08001076285 IE,1.99,debit,software
Cd Thrive Total,2368 28JUL25 CD   THRIVE TOTAL      FITNESS           WIGAN GB,5.2,debit,gym_fitness
Dvla-av,Dvla-av70ojj Driver & Vehicle Licensing Agency,17.09,debit,road_tax
McDonald's,MCDONALDS 1361  ON 01 AUG CPM McDonald's,4.79,debit,takeaway
Apple,APPLE.COM/BILL,9.99,debit,software
Duelz,duelz.com Duelz,20.5,debit,gambling_casino
Electrajet,NYA*Electrajet,2.0,debit,carwash
Diamond Bus Limited,Diamond Bus Limite,3.0,debit,public_transport_rail_coach
Docklands Light Ra,DOCKLANDS LIGHT RA,5.0,debit,public_transport_rail_coach
HM Revenue and Customs,Hmrc Child Benefit Child Benefit,104.2,credit,benefits_state
Current,200206 93160610  MOBILE-CHANNEL FT Barclays current account,350.0,debit,transfer_bank_unspecified
Amazon,Amazon.co.uk*RC2VL78G4,13.07,debit,marketplace_amazon
Hounslow Bazaar,Hounslow bazaar,1.99,debit,groceries_specialist
Mclean E Harper Sto,MCLEAN E  HARPER STO,30.0,debit,unclassified_other
Amazon,Amazon,9.99,debit,marketplace_amazon
SkyBet,SKY BET  ON 30 AUG CPM,10.0,debit,gambling_betting
Icelandair,ICELAND  ON 05 AUG CPM,11.6,debit,groceries
McDonald's,MCDONALDS,5.12,debit,takeaway
Sullivan Buses,Contactless Payment Sullivan Buses GOOGLE 6048 2025-09-21,7.6,debit,public_transport_rail_coach
Roll N One,Zettle_*roll N One L,7.2,debit,restaurant_cafe
Chennai,1203 26OCT25 CD   SUMUP  *CHENNAI   DUM BI            BIRMINGHAM GB,57.91,debit,restaurant_cafe
Electraworks LTD,ELECTRAWORKS LTD  ON 30 AUG CPM,5.0,debit,gambling_casino
Kings,Premier Kings Road,7.64,debit,groceries
Emma Jane Kemp,EMMA JANE KEMP 300000001604726983,10.0,debit,transfer_p2p
Benjiman Varrier,BENJIMAN VARRIER 200000001620969497,3.98,debit,transfer_p2p
Grab,www.grab.com,0.99,debit,unclassified_other
MRS,MRS LISA LIPTROT 500000001601066822,10.0,debit,transfer_p2p
Cd Pdsa Aston Pet Hospita,6861 02JUL25 CD   PDSA ASTON PET    HOSPITA           BIRMINGHAM GB,30.0,debit,veterinary
Olivecateringservi,NYX*OliveCateringS  ON 21 JUL CLP NYX*OLIVECATERINGSERVI,0.95,debit,catering
Stagecoach Services,STAGECOACH SERVICE  ON 18 AUG CPM STAGECOACH SERVICES LI,3.0,debit,public_transport_rail_coach
Freedom Leisure Su,FREEDOM LEISURE SU,7.2,debit,gym_fitness
Coffee Welshpool,Coffee            Welshpool,3.2,debit,restaurant_cafe
Johnson Fitness & Wellness,"JOHNSONS BUILDERS MERC - U 3 MARDLE WAY BUSIN, BUCKFASTLEIGH",24.3,debit,home_improvement
Cubbins Attractions Tw,CUBBINS ATTRACTION  ON 27 SEP CPM CUBBINS ATTRACTIONS TW,5.0,debit,days_out
Dracula Market LTD,Dracula Market Ltd  ON 31 AUG CPM DRACULA MARKET LTD,11.79,debit,groceries_specialist
Red Cars Taxis,Red Cars Taxis,3.0,debit,taxi_rideshare
Royalmailgr,2787 05OCT25      PAYPAL            *ROYALMAILGR      07853348269 GB,1411.42,debit,delivery_courier
Alfie Harrison,ALFIE HARRISON    X                 VIA MOBILE - PYMT FP 13/08/25 10    23193247847379000N,10.0,debit,transfer_p2p
Tesco Petrol,TESCO PFS 2004  ON 19 AUG CLP Tesco - Fuel,5.7,debit,fuel
Liverpool One Gift Sto,Liverpool One Gift Sto,3.0,debit,gifts_flowers
Tanya Cope Boobs Via,TANYA COPE        BOOBS             VIA MOBILE - PYMT,10.0,debit,transfer_p2p
Welcome Angel Islingto,WELCOME CO OP  ON 13 AUG CLP WELCOME ANGEL ISLINGTO,25.63,debit,groceries
Stagecoach Services,STAGECOACH SERVICES CD 8948,1.5,debit,public_transport_rail_coach
Callum Work,Callum            Work,110.0,debit,transfer_p2p
Dvla-k,Returned direct debit DVLA-KN70CUU 074456 05042319,17.06,credit,returned_payment
Gdk Borough,GDK BOROUGH,14.25,debit,takeaway
Hatherleigh Fish,Visa purchase SUMUP *HATHERLEIGH FISH,17.2,debit,takeaway
LTD,EE LTD,32.97,debit,mobile_phone_contract
Circuit Go,CIRCUIT GO,2.3,debit,laundry
Apple,APPLE.COM/BILL,1.99,debit,software
Christopher Gadilh Molly Hogben,CHRISTOPHER GADILH  MOLLY HOGBEN FT,75.0,debit,transfer_p2p
Zable,ZABLE CARD        6K9Y2OC5F1GHFGXBQHSWP TRUELAYER LIMIFP 31/07/25 40    20141548397779000R,100.0,debit,credit_card_repayment
House Of Grillz,House Of Grillz,5.99,debit,jewellery
Claire Reid,Claire Reid,10.0,debit,transfer_p2p
Woolpack,WOOLPACK (NORWICH)  ON 30 AUG CPM,6.0,debit,pub_bar
Apf Alaibgap,APF/ALAIBGAP  DIRALAGAP000427086 DDR,23.97,debit,unclassified_other
Human Forest,Human Forest,5.0,debit,bicycle
D Meccabingo,5377 29SEP25  D   MECCABINGO        MAIDENHEAD GB,50.0,debit,gambling_bingo
Onlinestore,Visa purchase PAYPAL *ONLINESTORE,54.21,debit,payment_intermediary
Apple,INT'L 0000278621  APPLE.COM/BILL    08001076285,2.99,debit,software
Ali Hassnain,ALI HASSNAIN  N/A FT,50.0,debit,transfer_p2p
Khyber Shop,Khyber Shop,5.0,debit,convenience_store
Utilita Energy,UTILITA ENERGY LIM01962679088,15.0,debit,energy
Amazon,Amazon,5.98,debit,marketplace_amazon
Harveys Off Li,PPOINT_*HARVEYS OF  ON 27 AUG CLP PPOINT_*HARVEYS OFF LI,15.25,debit,alcohol_beer_spirits
Tanvir Ruhin,TANVIR RUHIN 200000001626018243,255.0,debit,transfer_p2p
Leisurematic LTD,Leisurematic Ltd,2.5,debit,entertainment_other
U.S. Post Office,Ash Green Post Office,1.93,debit,delivery_courier
Hyrunnisa,HYRUNNISA ACHAM VE 100000001608340461,25.0,debit,transfer_p2p
B & Q,B&Q,111.0,debit,home_improvement
Raylo,RAYLO K6TBZ6V,21.36,debit,retail_finance_repayment
Redline Buses LTD,Contactless Payment Redline Buses Ltd APPLEPAY 8102,14.0,debit,public_transport_rail_coach
Grab,Grab A-87xmx5xgx2lfav,0.69,debit,unclassified_other
Community Fibre,A797708 Community Fibre,21.0,debit,broadband_tv_phone
Talk Mobile LTD,  TALK MOBILE LTD,49.0,debit,mobile_phone_contract
Chip Box Wedne,SUMUP *CHIP BOX WE  ON 22 OCT CLP SUMUP  *CHIP BOX WEDNE,6.5,debit,takeaway
A C,To A/C 29829704   HYNAM KJ          Via Mobile Xfer,40.0,debit,transfer_p2p
O Kica,O KICA 200000001589637010,30.0,debit,unclassified_other
The Rock Shop Gift Sho,THE ROCK SHOP GIFT,4.5,debit,gifts_flowers
Liquor Barn,LIQUOR BARN,6.0,debit,alcohol_beer_spirits
EE,EE LIMITED  Q48256675649640244 DDR,13.78,debit,mobile_phone_contract
Chloe Dingomal,CHLOE DINGOMAL 100000001567059303,10.0,debit,transfer_p2p
Jq Bar And Grill,Contactless Payment JQ BAR AND GRILL APPLEPAY 8194,10.0,debit,restaurant_cafe
Ms Loraine,Ms Loraine Boon - SortCodeAccountNumber: 40476228161224,305.0,debit,transfer_p2p
Zable Cards,Zable Cards,30.0,debit,credit_card_repayment
118 118 Money,118 Money Credit,105.0,debit,payday_loan
Intime Taxi,SUMUP *INTIME TAXI  ON 11 SEP CLP SUMUP  *INTIME TAXI,12.32,debit,taxi_rideshare
Lais De Souza Borgamor,LAIS DE SOUZA BORGAMOR              VIA MOBILE - PYMT,48.0,debit,transfer_p2p
Cd Nds&s,1883 27AUG25 CD   NDS&S             PRESTON GB,2.15,debit,unclassified_card_spend
Kk Grocers Limited,Kk Grocers Limited 2,7.08,debit,groceries
The Town Mills,The Town Mills,1.55,debit,restaurant_cafe
3d Coffee T A Costa Coffe,3d Coffee T/A Cost,11.9,debit,restaurant_cafe
Lps Plumbing And H,LPS PLUMBING AND H 400000001647213000,600.0,debit,tradesmen
Wing On Express,Wing On Express,1.65,debit,takeaway
Tendringdistrictcoun,NYX*TendringDistri,4.2,debit,unclassified_card_spend
Walk Up Admissions,Walk Up Admissions  ON 01 AUG CPM WALK UP ADMISSIONS,2.4,debit,days_out
Lina Morkuviene,LINA MORKUVIENE 400000001598151227,205.0,debit,transfer_p2p
Plus Store LTD,MNK*PLUS STORE LTD  ON 07 JUN CLP,11.65,debit,convenience_store
Jonathan Draycott Golf Ac,JONATHAN DRAYCOTT,11.0,debit,sports_participation
Great Barr Tanning Cen,GREAT BARR TANNING,7.0,debit,beauty_treatment
Esso Whitchurch Esso,ESSO WHITCHURCH Esso,19.19,debit,fuel
Trainline,TRAINLINE,8.8,debit,public_transport_rail_coach
Raylo,RAYLO  FR6M9T9 DDR,24.71,debit,retail_finance_repayment
Cash Machine,FALKIRK Cash Machine,100.0,debit,cash_withdrawal
Warrington Own Buswarrington,WARRINGTON OWN BUSWARRINGTON,2.0,debit,public_transport_rail_coach
Be at One Cocktail Bars,Be At One,13.2,debit,pub_bar
SkyBet,SKY BET,11.0,debit,gambling_betting
Dvla-mf,"DIRECT DEBIT PAYMENT TO DVLA-MF10SUZ REF 000000000048536026, MANDATE NO 0070",16.62,debit,road_tax
McDonald's,MCDONALDS  ON 04 JUL CLP,2.69,debit,takeaway
Sunshine Food And Wine,Sunshine Food And Wine,3.99,debit,convenience_store
SkyBet,SKY BET CD 0541,100.0,debit,gambling_betting
Duelz,duelz.com Duelz,20.5,debit,gambling_casino
Imma The Bakery,Imma The Bakery,5.3,debit,restaurant_cafe
Exchanged To Sol,Exchanged to SOL,2.52,debit,unclassified_other
Microsoft Xbox,Visa purchase MICROSOFT*XBOX,40.94,debit,gaming_console_pc
Apple,APPLE.COM/BILL IRELAND ON 22 SEP BCC,6.99,debit,software
Disney+,DISNEY PLUS CD 9972,12.99,debit,streaming
Playtomic.io,PLAYTOMIC.IO 82B4C SPAIN ON 16 JUN CPM PLAYTOMIC.IO 82B4C85A,8.0,debit,sports_participation
Cd Go Local,8145 24JUN25 CD   GO LOCAL          HOLYWELL GB,1.89,debit,convenience_store
Julie Smith,JULIE SMITH 500000001602938345,100.0,debit,transfer_p2p
MonopolyGO!,CARD PAYMENT TO MONOPOLY CASINO ON 31-07-2025,100.0,debit,gambling_casino
Stagecoach Bus Ticket,STAGECOACH        BUS TICKET,5.4,debit,public_transport_rail_coach
Miss T Nicholls Amy,Miss T Nicholls   amy,20.0,debit,transfer_p2p
WHSmith,WHSmith,2.98,debit,books
Cd Vape And Mini Market,0278 01AUG25 CD   VAPE AND MINI     MARKET            LEEDS GB,5.0,debit,vaping
Amazon,CARD PAYMENT TO AMAZON.CO.UK*RJ2SC55J4 ON 29-07-2025,25.15,debit,marketplace_amazon
Utilita Energy,Visa purchase UTILITA ENERGY LIMITED GOOGLE 0214,7.0,debit,energy
Salvatore Alan Esposito Ice Cream Man,Salvatore Alan Esposito Ice Cream Man,2.0,debit,takeaway
COOP,SCOTMID COOP 0236,1.15,debit,groceries
C B&m,3551 02AUG25 C    B&M 809 MARSH     MILLS             PLYMOUTH GB,10.0,debit,discount_store
Thomas Hill,THOMAS HILL 600000001632761026,200.0,debit,transfer_p2p
Justpark,JUSTPARK  ON 02 SEP CPM Justpark,4.55,debit,car_parking
Magdalena Partyka,MAGDALENA PARTYKA 300000001602656077,59.0,debit,transfer_p2p
Danish Mobi Tech,DANISH MOBI TECH,5.0,debit,services_unspecified
McDonald's,McDonald’s,3.89,debit,takeaway
Amazon,Amazon from Other Stuff  Pot,55.97,debit,marketplace_amazon
Extra,Extra,3.0,debit,unclassified_other
Rontec Chiswick Fl,Rontec Chiswick Flyove,1.6,debit,convenience_store
R Webb,R WEBB 400000001613791412,20.0,debit,transfer_p2p
Taptap Send,TapTap Send,5.0,debit,transfer_international
A C,To A/C 81203322   HEATON NA         Via Mobile Xfer,8.0,debit,transfer_p2p
Amazon,Prime Video Rent /  ON 06 SEP BCC Amazon,2.49,debit,streaming
McDonald's,8104 25AUG25  D   MCDONALDS 8261671 KENT GB,2.99,debit,takeaway
Tiktok Shop,CARD PAYMENT TO TIKTOK SHOP ON 16-09-2025,14.38,debit,marketplace_general
Jennychem,SP JENNYCHEM,60.0,debit,vehicle_maintenance
Aladdins Pizza Cannock,Aladdins Pizza Can,30.9,debit,takeaway
Sip City Store,SIP CITY STORE,24.49,debit,groceries
McDonald's,McDonald’s from Virtual Card Pot,11.65,debit,takeaway
Macclesfield Mini Mark,Contactless Payment Macclesfield Mini Mark,7.49,debit,convenience_store
Tiktok Shop,TikTok Shop,4.75,debit,marketplace_general
Harry Hall,"Harry Hall, HAR-MTY695U22",13.11,debit,clothing_outdoor
Roebuck,THE OLD ROEBUCK,15.85,debit,pub_bar
First Central Serv,FIRSTCENTRALSERV 69325608-02007006I,87.55,debit,insurance_motor
Angel Hill,Angel Hill 1127,0.85,debit,restaurant_cafe
Gemma Milby,Gemma Milby - SortCodeAccountNumber: 04000336178214,10.0,debit,transfer_p2p
Deichmann Se,Deichmann SE 0110 Chesterfield,39.67,debit,footwear
Zable,ZABLE CARD PV5061975666469598,2.5,debit,credit_card_repayment
COOP,VICTORIA HART     COOP              VIA MOBILE - PYMT FP 12/08/25 10    41211626028577000N,15.0,debit,transfer_p2p
Raylo,RAYLO HM2C2XF,29.63,debit,retail_finance_repayment
Plough,Ploughlincoln,7.15,debit,pub_bar
Sony Playstation,CARD PAYMENT TO PLAYSTATION NETWORK ON 21-08-2025,5.99,debit,gaming_console_pc
Victor Munhoz,VICTOR MUNHOZ 100000001619617920,150.0,debit,transfer_p2p
Eloise,Payment to ELOISE BIGGADIKE 090129 52177260,25.0,debit,transfer_p2p
Amazon,CREDIT FROM AMZNMKTPLACE ON 30-06-2025,29.95,credit,refund_received
Tescophoneins.,TESCOPHONEINS.,3.75,debit,insurance_other
U.S. Post Office,POST OFFICE COUNTE,4.05,debit,delivery_courier
Toor Supermarket,TOOR SUPERMARKET  ON 17 AUG CPM,8.71,debit,groceries
Centurion Waterloovil,"Centurion, Waterloovil",28.55,debit,pub_bar
Steam,STEAM PURCHASE GERMANY ON 16 JUL BCC,6.39,debit,gaming_console_pc
Current,201608 63293815  MOBILE-CHANNEL FT Barclays current account,15.0,debit,transfer_own_account
Brighton And Hove Buses,Brighton and Hove Buses,6.0,debit,public_transport_rail_coach
Makkah Grill,MAKKAH GRILL,9.98,debit,takeaway
McDonald's,Mcdonalds 8261996,8.46,debit,takeaway
Windmill,WINDMILL  ON 15 AUG CPM Windmill,15.3,debit,unclassified_card_spend
Mum Food Via,MUM               FOOD              VIA MOBILE - PYMT,150.0,debit,transfer_p2p
Premier Three Trees,PREMIER THREE TREE,2.5,debit,groceries
Mesa On,MESA ON 51 MALAYSIA AMOUNT IN MYR 566.95 ON 03 AUG VISA 5.596785 FINAL GBP AMOUNT INCLUDES NON-STERLING TRANS FEE £3.03 ,104.33,debit,foreign_spend_unspecified
HM Revenue and Customs,Bank credit HMRC CHILD BENEFIT 202648 13031802,26.05,credit,benefits_state
C Crane,C CRANE,1550.0,debit,unclassified_other
SkyBet,SKY BET CD 4563,6.84,debit,gambling_betting
Temu,3574 16JUL25      TEMU.COM          LONDON GB,19.02,debit,marketplace_general
Amazon,Amazon.co.uk*RF13M,15.99,debit,marketplace_amazon
Marie Lukube,Payment to MARIE LUKUBE 040004 97613084,20.0,debit,transfer_p2p
Meatzone Uk Limite Ranas Fish Shop,MEATZONE UK LIMITE  RANAS FISH SHOP FT,935.0,debit,groceries_specialist
Hoan Nguyen Pizza And Beer,Hoan Nguyen Pizza and beer,30.0,debit,transfer_p2p
Ayaz Mehmood Supplies,Ayaz Mehmood Supplies,400.0,debit,unclassified_other
Dvla-l6koo,DVLA-L6KOO  000000000054361006 DDR,16.62,debit,road_tax
John Alexander,John Alexander,70.0,debit,transfer_p2p
Miss S Johnson,GB Account - Paid with Starling Miss S Johnson - SortCodeAccountNumber: 40126260715581,50.0,debit,transfer_p2p
B&Q,B&Q LIVINGSTON  ON 21 AUG CPM,3.5,debit,home_improvement
T K Maxx,6004 24JUN25 CD   T K MAXX          WESTON SUPERM GB,37.15,debit,clothing_general
SkyBet,Visa purchase SKY BET APPLEPAY 7582,5.0,debit,gambling_betting
Bills,CARD PAYMENT TO BILLS - READING ON 06-07-2025,4.14,debit,restaurant_cafe
Stacey Stanley,STACEY STANLEY 100000001609376571,41.0,debit,transfer_p2p
Icelandair,ICELAND,7.0,debit,groceries
Wickes Maidstone,WICKES MAIDSTONE,142.0,debit,home_improvement
Polska Apteka,Zempler Bank account - 17556 Polska  Apteka - SortCodeAccountNumber: 08719912522262,26.97,debit,pharmacy
Wembley,WEMBLEY,1000.0,debit,unclassified_other
Wickes Bracknell,WICKES BRACKNELL  ON 29 JUL CLP Wickes,5.0,debit,home_improvement
Navid M Gggg,NAVID M  GGGG FT,15.0,debit,transfer_p2p
Maimuna Jaiteh Mam Lolly,Maimuna jaiteh    Mam lolly,900.0,debit,transfer_p2p
Brother Singhs LTD,Brother Singhs Ltd,2.34,debit,groceries
Domino's,DOMINOS           FOOOOOOOD         VIA MOBILE - PYMT FP 14/07/25 10    25001732303923000N,20.0,debit,takeaway
McDonald's,McDonald’s,21.12,debit,takeaway
Coldharbour Premier,COLDHARBOUR PREMIE,7.6,debit,groceries
What,WHAT,4.45,debit,unclassified_other
Apple,Apple,3.99,debit,software
Premier Zenith,Premier Zenith,3.78,debit,groceries
Mullas Mini Market Cd,MULLAS MINI MARKET CD 3011,6.39,debit,convenience_store
Startselect,Startselect,41.6,debit,gaming_console_pc
Animal Health Care,ANIMAL HEALTH CARE CX001768076,18.99,debit,veterinary
Domestic & General,"DIRECT DEBIT PAYMENT TO D&G APPLIANCE CARE REF DCP90025376, MANDATE NO 0065",5.49,debit,insurance_general
Mayfair Food Fayre,MAYFAIR FOOD FAYRE,7.97,debit,groceries
I Roberts,I ROBERTS 308822 26452860,400.0,debit,transfer_p2p
Fraud,FR-5624181 FRAUD REFUND,25.0,credit,refund_received
Pizza Go Go,PIZZA GO GO  ON 17 AUG CPM Pizza go go,30.99,debit,takeaway
Transdev,TRANSDEV BLAZEFIELHARROGATE,2.5,debit,public_transport_rail_coach
Laderach Uk Limitelondon,LADERACH UK LIMITELondon,22.0,debit,confectionary
Spend,TO Spend & Save Plus Account 772222-37493568,40.0,debit,savings_transfer
Shop 'n Save,Shop N Save,2.29,debit,groceries
Cd Vivo,4319 30JUN25 CD   VIVO RATHCOOLE    NEWTOWNABBEY GB,36.81,debit,convenience_store
Raylo,RAYLO CEZEAHS,32.99,debit,retail_finance_repayment
Magdalena Poczek,MAGDALENA POCZEK 100000001563530624,10.0,debit,transfer_p2p
Cd Longlands Tavern Stourbridge,1348 28JUN25 CD   LONGLANDS TAVERN  STOUR             STOURBRIDGE GB,26.65,debit,pub_bar
Candy Galore,CANDY GALORE,2.5,debit,confectionary
H R Bell,H R BELL 500000001595291864,50.0,debit,transfer_p2p
SkyBet,Visa purchase SKY BET APPLEPAY 7582,5.0,debit,gambling_betting
Michelle Bentham,Payment to MICHELLE BENTHAM 772603 17663868 2025-07-25,25.0,debit,transfer_p2p
Microsoft Xbox,MICROSOFT*XBOX  ON 13 JUL BCC Xbox,10.99,debit,gaming_console_pc
2 Theloo To Jabbeke E4,2THELOO TO JABBEKE  E4 2theloo To Jabbeke E4,0.87,debit,foreign_spend_unspecified
Co-op Live,Co-op Live,18.0,debit,live_music
Angel Hill,Angel Hill Site 334,3.77,debit,restaurant_cafe
Transport for London,TFL TRAVEL CH,3.5,debit,public_transport_rail_coach
HM Revenue and Customs,HMRC CHILD BENEFIT  DAVIS00SUZAN721720 BGC,26.05,credit,benefits_state
Apple,Visa purchase APPLE.COM/BILL,0.99,debit,software
A C,To A/C 23098066   DOYLE AB          Via Mobile Xfer,1.52,debit,transfer_p2p
McDonald's,Mcdonalds,5.47,debit,takeaway
Chantelle Roberts,CHANTELLE ROBERTS 100000001603140051,4.8,debit,transfer_p2p
Lime,Visa purchase LIME*RIDE R5QS APPLEPAY 1283,2.45,debit,bicycle
McDonald's,MCDONALDS,6.39,debit,takeaway
Apple,APPLE.COM/BILL,8.99,debit,software
Adsa Stores LTD,Contactless Payment ADSA STORES LTD 4231 APPLEPAY 5431,16.0,debit,groceries
Hannah Scoffham,Hannah Scoffham,70.0,debit,transfer_p2p
Julie-ann A,JULIE-ANN A MARKHA 200000001610899824,15.5,debit,transfer_p2p
Wendy's Solihull,WENDY'S SOLIHULL,11.98,debit,takeaway
Heathlands Community,Heathlands Community C,5.1,debit,unclassified_other
Esmie Miller,Barclays account - I adore you Esmie Miller - SortCodeAccountNumber: 20836933357074,40.0,debit,transfer_p2p
Wuzhen,Wuzhen,40.0,debit,unclassified_other
Apple,PAYPAL *APPLE.COM/,18.9,debit,software
McDonald's,McDonalds 8260747 Wolverhampton,21.54,debit,takeaway
Over The Yardarm,Over The Yardarm,12.7,debit,pub_bar
Paignton,SOUTH DEVON COLLEGPAIGNTON,3.7,debit,education_general
