normalised_merchant,detailed_category,n,n_debit,n_credit,notes
colchester zoo,days_out,49,49,0,n=10-49 both Luna; parent review
the tanning shop,beauty_treatment,49,49,0,n=10-49 both Luna; parent review
medexpress,pharmacy,49,49,0,n=10-49 both Luna; parent review
the botanist,restaurant_cafe,49,49,0,n=10-49 both Luna; parent review
las iguanas,restaurant_cafe,48,48,0,n=10-49 both Luna; parent review
playgroundgameleamingtonspa,days_out,48,48,0,n=10-49 both Luna; parent review
quinnbet,gambling_betting,47,47,0,n=10-49 both Luna; parent review
german doner kebab,takeaway,47,47,0,n=10-49 both Luna; parent review
aig,insurance_general,47,47,0,n=10-49 Luna A + parent
classpass,gym_fitness,47,46,1,n=10-49 both Luna; parent review
gmb trade union,trade_union,46,44,2,n=10-49 both Luna; parent review
marie curie,charitable_donation,45,45,0,n=10-49 both Luna; parent review
majestic wine,alcohol_wine,45,45,0,n=10-49 Luna A + parent
calvin klein,clothing_general,44,41,3,n=10-49 Luna A + parent
cosy club,restaurant_cafe,44,44,0,n=10-49 Luna A + parent
london zoo,days_out,44,43,1,n=10-49 both Luna; parent review
petrogas,fuel,44,44,0,n=10-49 both Luna; parent review
spencers news,convenience_store,44,44,0,n=10-49 both Luna; parent review
fashion nova,clothing_general,43,43,0,n=10-49 both Luna; parent review
the blues kitchen,restaurant_cafe,43,43,0,n=10-49 Luna B + parent
aci-uk,debt_collection,43,43,0,n=10-49 parent override
whatnot ltd,marketplace_general,43,43,0,n=10-49 both Luna; parent review
yo! sushi,restaurant_cafe,43,43,0,n=10-49 both Luna; parent review
oddbox,groceries_specialist,43,43,0,n=10-49 Luna B + parent
kamsons pharmacy,pharmacy,43,43,0,n=10-49 both Luna; parent review
bella italia,restaurant_cafe,43,42,1,n=10-49 both Luna; parent review
fitness first,gym_fitness,42,40,2,n=10-49 both Luna; parent review
chester zoo,days_out,42,42,0,n=10-49 both Luna; parent review
barburrito,takeaway,42,41,1,n=10-49 Luna A + parent
new kwiki mart,convenience_store,42,42,0,n=10-49 Luna A + parent
intrum,debt_collection,42,42,0,n=10-49 both Luna; parent review
the body shop,health_beauty_general,42,41,1,n=10-49 parent override
wenzels the ba,restaurant_cafe,41,41,0,n=10-49 parent override
intuit limited,software,41,41,0,n=10-49 parent override
cash convert ers,pawnbroker,41,41,0,n=10-49 parent override
green flag,breakdown_cover,41,40,1,n=10-49 both Luna; parent review
empire casino,gambling_casino,41,41,0,n=10-49 both Luna; parent review
thomas the baker,restaurant_cafe,41,41,0,n=10-49 Luna A + parent
driver and vehicle licensing agency,road_tax,41,41,0,n=10-49 parent override
wateraid,charitable_donation,41,40,1,n=10-49 both Luna; parent review
jewson,home_improvement,41,40,1,n=10-49 both Luna; parent review
save the children,charitable_donation,40,40,0,n=10-49 Luna B + parent
just for pets,pet_supplies,38,38,0,n=10-49 Luna A + parent
victorian plumbing,home_improvement,38,38,0,n=10-49 Luna A + parent
parkonomy,car_parking,38,38,0,n=10-49 Luna A + parent
vets4pets,veterinary,38,36,2,n=10-49 Luna A + parent
hollywoodbets,gambling_betting,35,35,0,n=10-49 Luna A + parent
payplan,debt_management_plan,35,35,0,n=10-49 Luna A + parent
best western,accommodation,34,34,0,n=10-49 Luna A + parent
foxy bingo,gambling_bingo,33,33,0,n=10-49 Luna A + parent
seatfrog,public_transport_rail_coach,33,33,0,n=10-49 Luna A + parent
wineflair,alcohol_wine,33,33,0,n=10-49 Luna A + parent
ggpoker,gambling_casino,33,33,0,n=10-49 Luna A + parent
great western railway,public_transport_rail_coach,33,33,0,n=10-49 Luna A + parent
chessington world of adventures,days_out,32,32,0,n=10-49 Luna A + parent
perfect pet,pet_supplies,32,32,0,n=10-49 Luna A + parent
stepchange,debt_management_plan,31,25,6,n=10-49 Luna A + parent
boilerjuice,heating_oil,29,26,3,n=10-49 Luna A + parent
blue banana,clothing_general,29,29,0,n=10-49 Luna A + parent
seethelight,broadband_tv_phone,29,29,0,n=10-49 Luna A + parent
anytime fitness,gym_fitness,29,29,0,n=10-49 Luna A + parent
franco manca,restaurant_cafe,28,28,0,n=10-49 Luna A + parent
beauty bay,health_beauty_general,28,26,2,n=10-49 Luna A + parent
the alchemist,restaurant_cafe,28,28,0,n=10-49 Luna A + parent
p&o ferries,ferry_rail_travel,28,28,0,n=10-49 Luna A + parent
health lottery,gambling_lottery,28,28,0,n=10-49 Luna A + parent
lyft,taxi_rideshare,28,27,1,n=10-49 Luna A + parent
ford credit,car_finance_repayment,27,27,0,n=10-49 Luna A + parent
novuna personal finance,personal_loan_repayment,27,27,0,n=10-49 Luna A + parent
everyday loans,personal_loan_repayment,27,27,0,n=10-49 Luna A + parent
the mortgage works,mortgage,27,27,0,n=10-49 Luna A + parent
click energy,energy,26,26,0,n=10-49 Luna A + parent
ca auto finance,car_finance_repayment,25,25,0,n=10-49 Luna A + parent
gymshark,sportswear,25,25,0,n=10-49 Luna A + parent
rci financial services,car_finance_repayment,25,25,0,n=10-49 Luna A + parent
bamboo loans,personal_loan_repayment,25,25,0,n=10-49 parent override
metrolink,public_transport_rail_coach,25,25,0,n=10-49 Luna A + parent
legoland windsor,days_out,25,25,0,n=10-49 Luna A + parent
matchbook,gambling_betting,23,23,0,n=10-49 Luna B + parent
ar foods and wine,alcohol_beer_spirits,22,22,0,n=10-49 Luna B + parent
islamic relief,charitable_donation,22,22,0,n=10-49 Luna B + parent
leyland sdm,home_improvement,22,22,0,n=10-49 Luna B + parent
turkish airlines,flights,22,19,3,n=10-49 Luna B + parent
free now,taxi_rideshare,22,17,5,n=10-49 Luna B + parent
go car credit,car_finance_repayment,22,22,0,n=10-49 Luna B + parent
degrees coffeesh,restaurant_cafe,22,22,0,n=10-49 Luna B + parent
armley discount store lee,discount_store,22,22,0,n=10-49 Luna B + parent
electric ireland,energy,22,22,0,n=10-49 Luna B + parent
medicare pharmacy,pharmacy,22,22,0,n=10-49 Luna B + parent
provend,retail_other,22,22,0,n=10-49 Luna B + parent
natural history museum,days_out,22,22,0,n=10-49 Luna B + parent
certas energy,energy,22,22,0,n=10-49 Luna B + parent
route one,clothing_general,22,22,0,n=10-49 Luna B + parent
christ embassy,charitable_donation,22,22,0,n=10-49 Luna B + parent
healthspan,supplements,22,21,1,n=10-49 Luna B + parent
oakbrook finance,personal_loan_repayment,22,22,0,n=10-49 Luna B + parent
payl8r,bnpl,21,21,0,n=10-49 Luna B + parent
stepchange debt charity,debt_management_plan,20,20,0,n=10-49 Luna B + parent
dvla-au,road_tax,20,20,0,n=10-49 parent override
blue cross blue shield,insurance_general,20,20,0,n=10-49 Luna B + parent
marsh finance,personal_loan_repayment,20,20,0,n=10-49 Luna B + parent
really awesome coffee,restaurant_cafe,20,20,0,n=10-49 Luna B + parent
cardfactory,gifts_flowers,20,20,0,n=10-49 Luna B + parent
cd mnm,discount_store,20,20,0,n=10-49 Luna B + parent
clearys limited hindle,home_improvement,20,20,0,n=10-49 Luna B + parent
eflorist,gifts_flowers,20,20,0,n=10-49 Luna B + parent
vitabiotics,supplements,20,20,0,n=10-49 Luna B + parent
adrian flux,insurance_motor,20,19,1,n=10-49 Luna B + parent
dishoom,restaurant_cafe,20,15,5,n=10-49 Luna B + parent
dfs,retail_finance_repayment,19,19,0,n=10-49 Luna B + parent
top connect pi,mobile_phone_contract,19,19,0,n=10-49 Luna B + parent
muji,retail_other,19,18,1,n=10-49 Luna B + parent
scoresmatter,gambling_betting,19,19,0,n=10-49 Luna B + parent
royal bank of scotland,financial_institution_unspecified,19,19,0,n=10-49 Luna B + parent
cder group,debt_enforcement,19,19,0,n=10-49 Luna B + parent
travellers rest,pub_bar,19,19,0,n=10-49 Luna B + parent
wellness communica,mental_health_services,19,19,0,n=10-49 Luna B + parent
gold cape,gambling_casino,19,19,0,n=10-49 Luna B + parent
gridserve uk omm ltd,fuel,19,19,0,n=10-49 Luna B + parent
esso m ackworth,fuel,19,19,0,n=10-49 Luna B + parent
dial direct,insurance_general,19,19,0,n=10-49 Luna B + parent
woolworths,retail_other,19,19,0,n=10-49 Luna B + parent
the parlour,restaurant_cafe,19,19,0,n=10-49 Luna B + parent
oak street health,veterinary,18,18,0,n=10-49 Luna B + parent
copybet,gambling_betting,18,18,0,n=10-49 Luna B + parent
arval,car_lease,18,18,0,n=10-49 Luna B + parent
nwl,utility_other,18,18,0,n=10-49 Luna B + parent
wilco motor spares,spares_repairs,18,18,0,n=10-49 Luna B + parent
countrywide reside,rent,18,18,0,n=10-49 Luna B + parent
blackpool pleasure beach,days_out,18,17,1,n=10-49 Luna B + parent
glasgow city council,council_tax,18,18,0,n=10-49 Luna B + parent
hamilton hall,restaurant_cafe,18,18,0,n=10-49 Luna B + parent
ccs,taxi_rideshare,18,18,0,n=10-49 Luna B + parent
kwik save,groceries,18,18,0,n=10-49 Luna B + parent
quickbooks,it_services,18,18,0,n=10-49 Luna B + parent
driving,id_documents,18,18,0,n=10-49 Luna B + parent
cardcash,financial_services_other,18,18,0,n=10-49 Luna B + parent
swinton insurance,insurance_general,18,18,0,n=10-49 Luna B + parent
covea life,insurance_life,17,17,0,n=10-49 Luna B + parent
unicef,charitable_donation,17,16,1,n=10-49 Luna B + parent
pet drugs online,pharmacy,17,17,0,n=10-49 Luna B + parent
ancestry,genealogy_services,17,17,0,n=10-49 Luna B + parent
secret sales,clothing_general,17,17,0,n=10-49 Luna B + parent
one call,insurance_general,17,17,0,n=10-49 Luna B + parent
mcc internet,broadband_tv_phone,16,16,0,n=10-49 Luna B + parent
british red cross,charitable_donation,16,16,0,n=10-49 Luna B + parent
wiltshire farm foods,groceries,15,15,0,n=10-49 Luna B + parent
hachette partworks,catalogue_retail,14,14,0,n=10-49 Luna B + parent
candy & liguor,alcohol_beer_spirits,14,14,0,n=10-49 Luna B + parent
fusion lifestyle,gym_fitness,14,14,0,n=10-49 Luna B + parent
in-n-out burger,takeaway,14,14,0,n=10-49 Luna B + parent
sunglass hut,clothing_general,14,14,0,n=10-49 Luna B + parent
coverwise,insurance_travel,14,14,0,n=10-49 Luna B + parent
legoland,days_out,13,13,0,n=10-49 Luna B + parent
fat face,clothing_general,13,13,0,n=10-49 Luna B + parent
rentumo.co.uk,rent,13,13,0,n=10-49 Luna B + parent
badoo,online_dating,13,13,0,n=10-49 Luna B + parent
totally wicked,vaping,13,13,0,n=10-49 Luna B + parent
zen internet,broadband_tv_phone,13,13,0,n=10-49 Luna B + parent
bigo live,online_services,13,13,0,n=10-49 Luna B + parent
hm revenue,tax_payment,13,13,0,n=10-49 Luna B + parent
pizza union,restaurant_cafe,12,12,0,n=10-49 Luna B + parent
vape nation,vaping,12,12,0,n=10-49 Luna B + parent
updraft credit,personal_loan_repayment,12,12,0,n=10-49 Luna B + parent
feelgoodcontacts.c,optician,12,12,0,n=10-49 Luna B + parent
wimpy,restaurant_cafe,12,12,0,n=10-49 Luna B + parent
superbet.ro,gambling_betting,11,11,0,n=10-49 Luna B + parent
royal british legion,charitable_donation,11,11,0,n=10-49 Luna B + parent
equifinance,personal_loan_repayment,11,11,0,n=10-49 Luna B + parent
ticketline,live_music,11,11,0,n=10-49 Luna B + parent
the breakfast club,restaurant_cafe,11,11,0,n=10-49 Luna B + parent
manchester united,sports_participation,11,11,0,n=10-49 Luna B + parent
forest of dean district council,council_tax,11,11,0,n=10-49 Luna B + parent
allsaints,clothing_general,11,11,0,n=10-49 Luna B + parent
google nest,web_services,11,11,0,n=10-49 Luna B + parent
origin coffee,restaurant_cafe,11,11,0,n=10-49 Luna B + parent
headmasters,skin_hair_care,11,11,0,n=10-49 Luna B + parent
secretsales,clothing_general,11,11,0,n=10-49 Luna B + parent
twycross zoo,days_out,11,11,0,n=10-49 Luna B + parent
southern railway,public_transport_rail_coach,11,11,0,n=10-49 Luna B + parent
roxy lanes,sports_participation,11,11,0,n=10-49 Luna B + parent
hawksmoor,restaurant_cafe,11,11,0,n=10-49 Luna B + parent
trentbarton,public_transport_rail_coach,11,11,0,n=10-49 Luna B + parent
zalando,clothing_general,11,11,0,n=10-49 Luna B + parent
hays travel,travel_other,11,11,0,n=10-49 Luna B + parent
liverpool airport,airport_spend,11,11,0,n=10-49 Luna B + parent
gatwickairport,airport_spend,10,10,0,n=10-49 Luna B + parent
parcs,days_out,10,10,0,n=10-49 Luna B + parent
tommy hilfiger,clothing_general,10,10,0,n=10-49 Luna B + parent
st lukes hospice,charitable_donation,10,10,0,n=10-49 Luna B + parent
reading buses,public_transport_rail_coach,10,9,1,n=10-49 Luna B + parent
james paget hospital,hospital,10,10,0,n=10-49 Luna B + parent
opium,night_club,10,10,0,n=10-49 Luna B + parent
harry corry,home_accessories,10,10,0,n=10-49 Luna B + parent
afc bournemouth,sports_participation,10,10,0,n=10-49 Luna B + parent
ipvanish,web_services,10,10,0,n=10-49 Luna B + parent
weight watchers,weight_loss,10,10,0,n=10-49 Luna B + parent
original factory shop,discount_store,10,10,0,n=10-49 Luna B + parent
autogrill,restaurant_cafe,10,10,0,n=10-49 Luna B + parent
rentola.co.uk,rent,10,10,0,n=10-49 Luna B + parent
heathrow,airport_parking,10,10,0,n=10-49 Luna B + parent
pizzeria union,restaurant_cafe,,,,n=10-49 Luna B + parent
clear­pay.co.u,bnpl,,,,n=10-49 Luna B + parent
